{
  "list": [
    { "refId": "FM0851", "id": "61ab961b68f7df34cf87f84a" },
    { "refId": "FM0853", "id": "61ab961b68f7df34cf87f850" },
    { "refId": "FM0854", "id": "61ab961c68f7df34cf87f856" },
    { "refId": "FM0855", "id": "61ab961d68f7df34cf87f85c" },
    { "refId": "FM0856", "id": "61ab961e68f7df34cf87f862" },
    { "refId": "FM0857", "id": "61ab961e68f7df34cf87f868" },
    { "refId": "FM0858", "id": "61ab961f68f7df34cf87f86e" },
    { "refId": "FM0859", "id": "61ab962068f7df34cf87f874" },
    { "refId": "FM0860", "id": "61ab962068f7df34cf87f87a" },
    { "refId": "FM0861", "id": "61ab962168f7df34cf87f880" },
    { "refId": "FM0862", "id": "61ab962268f7df34cf87f886" },
    { "refId": "FM0863", "id": "61ab962268f7df34cf87f88c" },
    { "refId": "FM0864", "id": "61ab962368f7df34cf87f892" },
    { "refId": "FM0865", "id": "61ab962468f7df34cf87f898" },
    { "refId": "FM0866", "id": "61ab962568f7df34cf87f89e" },
    { "refId": "FM0867", "id": "61ab962568f7df34cf87f8a4" },
    { "refId": "FM0868", "id": "61ab962668f7df34cf87f8aa" },
    { "refId": "FM0869", "id": "61ab962768f7df34cf87f8b0" },
    { "refId": "FM0870", "id": "61ab962868f7df34cf87f8b6" },
    { "refId": "FM0871", "id": "61ab962968f7df34cf87f8bc" },
    { "refId": "FM0872", "id": "61ab962968f7df34cf87f8c2" },
    { "refId": "FM0873", "id": "61ab962a68f7df34cf87f8c8" },
    { "refId": "FM0874", "id": "61ab962b68f7df34cf87f8ce" },
    { "refId": "FM0875", "id": "61ab962c68f7df34cf87f8d4" },
    { "refId": "FM0876", "id": "61ab962d68f7df34cf87f8da" },
    { "refId": "FM0877", "id": "61ab962e68f7df34cf87f8e0" },
    { "refId": "FM0878", "id": "61ab962e68f7df34cf87f8e6" },
    { "refId": "FM0879", "id": "61ab962f68f7df34cf87f8ec" },
    { "refId": "FM0880", "id": "61ab963068f7df34cf87f8f2" },
    { "refId": "FM0881", "id": "61ab963168f7df34cf87f8f8" },
    { "refId": "FM0882", "id": "61ab963268f7df34cf87f8fe" },
    { "refId": "FM0883", "id": "61ab963368f7df34cf87f904" },
    { "refId": "FM0884", "id": "61ab963468f7df34cf87f90a" },
    { "refId": "FM0885", "id": "61ab963568f7df34cf87f910" },
    { "refId": "FM0886", "id": "61ab963668f7df34cf87f916" },
    { "refId": "FM0887", "id": "61ab963768f7df34cf87f91c" },
    { "refId": "FM0888", "id": "61ab963868f7df34cf87f922" },
    { "refId": "FM0889", "id": "61ab963968f7df34cf87f928" },
    { "refId": "FM0890", "id": "61ab963a68f7df34cf87f92e" },
    { "refId": "FM0892", "id": "61ab963b68f7df34cf87f934" },
    { "refId": "FM0893", "id": "61ab963c68f7df34cf87f93a" },
    { "refId": "FM0894", "id": "61ab963d68f7df34cf87f940" },
    { "refId": "FM0895", "id": "61ab963e68f7df34cf87f946" },
    { "refId": "FM0896", "id": "61ab963f68f7df34cf87f94c" },
    { "refId": "FM0897", "id": "61ab964068f7df34cf87f952" },
    { "refId": "FM0898", "id": "61ab964068f7df34cf87f958" },
    { "refId": "FM0899", "id": "61ab964168f7df34cf87f95e" },
    { "refId": "FM0900", "id": "61ab964268f7df34cf87f964" },
    { "refId": "FM0901", "id": "61ab964368f7df34cf87f96a" },
    { "refId": "FM0902", "id": "61ab964368f7df34cf87f970" },
    { "refId": "FM0903", "id": "61ab964468f7df34cf87f976" },
    { "refId": "FM0904", "id": "61ab964568f7df34cf87f97c" },
    { "refId": "FM0905", "id": "61ab964668f7df34cf87f982" },
    { "refId": "FM0906", "id": "61ab964768f7df34cf87f988" },
    { "refId": "FM0907", "id": "61ab964768f7df34cf87f98e" },
    { "refId": "FM0908", "id": "61ab964868f7df34cf87f994" },
    { "refId": "FM0909", "id": "61ab964968f7df34cf87f99a" },
    { "refId": "FM0910", "id": "61ab964968f7df34cf87f9a0" },
    { "refId": "FM0911", "id": "61ab964a68f7df34cf87f9a6" },
    { "refId": "FM0912", "id": "61ab964b68f7df34cf87f9ac" },
    { "refId": "FM0913", "id": "61ab964b68f7df34cf87f9b2" },
    { "refId": "FM0914", "id": "61ab964c68f7df34cf87f9b8" },
    { "refId": "FM0915", "id": "61ab964d68f7df34cf87f9be" },
    { "refId": "FM0916", "id": "61ab964d68f7df34cf87f9c4" },
    { "refId": "FM0917", "id": "61ab964e68f7df34cf87f9ca" },
    { "refId": "FM0918", "id": "61ab964f68f7df34cf87f9d0" },
    { "refId": "FM0920", "id": "61ab964f68f7df34cf87f9d6" },
    { "refId": "FM0921", "id": "61ab965068f7df34cf87f9dc" },
    { "refId": "FM0922", "id": "61ab965168f7df34cf87f9e2" },
    { "refId": "FM0923", "id": "61ab965168f7df34cf87f9e8" },
    { "refId": "FM0924", "id": "61ab965268f7df34cf87f9ee" },
    { "refId": "FM0925", "id": "61ab965368f7df34cf87f9f4" },
    { "refId": "FM0926", "id": "61ab965468f7df34cf87f9fa" },
    { "refId": "FM0927", "id": "61ab965568f7df34cf87fa00" },
    { "refId": "FM0928", "id": "61ab965568f7df34cf87fa06" },
    { "refId": "FM0929", "id": "61ab965668f7df34cf87fa0c" },
    { "refId": "FM0930", "id": "61ab965768f7df34cf87fa12" },
    { "refId": "FM0931", "id": "61ab965768f7df34cf87fa18" },
    { "refId": "FM0932", "id": "61ab965868f7df34cf87fa1e" },
    { "refId": "FM0933", "id": "61ab965968f7df34cf87fa24" },
    { "refId": "FM0934", "id": "61ab965a68f7df34cf87fa2a" },
    { "refId": "FM0935", "id": "61ab965a68f7df34cf87fa30" },
    { "refId": "FM0936", "id": "61ab965b68f7df34cf87fa36" },
    { "refId": "FM0937", "id": "61ab965c68f7df34cf87fa3c" },
    { "refId": "FM0938", "id": "61ab965c68f7df34cf87fa42" },
    { "refId": "FM0939", "id": "61ab965d68f7df34cf87fa48" },
    { "refId": "FM0940", "id": "61ab965e68f7df34cf87fa4e" },
    { "refId": "FM0941", "id": "61ab965f68f7df34cf87fa54" },
    { "refId": "FM0942", "id": "61ab965f68f7df34cf87fa5a" },
    { "refId": "FM0943", "id": "61ab966068f7df34cf87fa60" },
    { "refId": "FM0944", "id": "61ab966168f7df34cf87fa66" },
    { "refId": "FM0945", "id": "61ab966268f7df34cf87fa6c" },
    { "refId": "FM0946", "id": "61ab966268f7df34cf87fa72" },
    { "refId": "FM0947", "id": "61ab966368f7df34cf87fa78" },
    { "refId": "FM0948", "id": "61ab966468f7df34cf87fa7e" },
    { "refId": "FM0949", "id": "61ab966568f7df34cf87fa84" },
    { "refId": "FM0950", "id": "61ab966568f7df34cf87fa8a" },
    { "refId": "FM0951", "id": "61ab966668f7df34cf87fa90" },
    { "refId": "FM0952", "id": "61ab966768f7df34cf87fa96" },
    { "refId": "FM0953", "id": "61ab966868f7df34cf87fa9c" },
    { "refId": "FM0954", "id": "61ab966968f7df34cf87faa2" },
    { "refId": "FM0955", "id": "61ab966a68f7df34cf87faa8" },
    { "refId": "FM0956", "id": "61ab966b68f7df34cf87faae" },
    { "refId": "FM0957", "id": "61ab966c68f7df34cf87fab4" },
    { "refId": "FM0958", "id": "61ab966d68f7df34cf87faba" },
    { "refId": "FM0959", "id": "61ab966e68f7df34cf87fac0" },
    { "refId": "FM0960", "id": "61ab966f68f7df34cf87fac6" },
    { "refId": "FM0961", "id": "61ab967168f7df34cf87facc" },
    { "refId": "FM0962", "id": "61ab967268f7df34cf87fad2" },
    { "refId": "FM0963", "id": "61ab967368f7df34cf87fad8" },
    { "refId": "FM0964", "id": "61ab967468f7df34cf87fade" },
    { "refId": "FM0965", "id": "61ab967468f7df34cf87fae4" },
    { "refId": "FM0966", "id": "61ab967568f7df34cf87faea" },
    { "refId": "FM0967", "id": "61ab967668f7df34cf87faf0" },
    { "refId": "FM0968", "id": "61ab967668f7df34cf87faf6" },
    { "refId": "FM0969", "id": "61ab967768f7df34cf87fafc" },
    { "refId": "FM0970", "id": "61ab967868f7df34cf87fb02" },
    { "refId": "FM0971", "id": "61ab967968f7df34cf87fb08" },
    { "refId": "FM0972", "id": "61ab967a68f7df34cf87fb0e" },
    { "refId": "FM0973", "id": "61ab967a68f7df34cf87fb14" },
    { "refId": "FM0974", "id": "61ab967b68f7df34cf87fb1a" },
    { "refId": "FM0975", "id": "61ab967c68f7df34cf87fb20" },
    { "refId": "FM0976", "id": "61ab967d68f7df34cf87fb26" },
    { "refId": "FM0977", "id": "61ab967d68f7df34cf87fb2c" },
    { "refId": "FM0978", "id": "61ab967e68f7df34cf87fb32" },
    { "refId": "FM0980", "id": "61ab967f68f7df34cf87fb38" },
    { "refId": "FM0981", "id": "61ab967f68f7df34cf87fb3e" },
    { "refId": "FM0982", "id": "61ab968068f7df34cf87fb44" },
    { "refId": "FM0983", "id": "61ab968168f7df34cf87fb4a" },
    { "refId": "FM0984", "id": "61ab968168f7df34cf87fb50" },
    { "refId": "FM0986", "id": "61ab968268f7df34cf87fb56" },
    { "refId": "FM0987", "id": "61ab968368f7df34cf87fb5c" },
    { "refId": "FM0988", "id": "61ab968468f7df34cf87fb62" },
    { "refId": "FM0989", "id": "61ab968468f7df34cf87fb68" },
    { "refId": "FM0990", "id": "61ab968568f7df34cf87fb6e" },
    { "refId": "FM0991", "id": "61ab968668f7df34cf87fb74" },
    { "refId": "FM0992", "id": "61ab968768f7df34cf87fb7a" },
    { "refId": "FM0993", "id": "61ab968868f7df34cf87fb80" },
    { "refId": "FM0994", "id": "61ab968868f7df34cf87fb86" },
    { "refId": "FM0996", "id": "61ab968968f7df34cf87fb8c" },
    { "refId": "FM0997", "id": "61ab968a68f7df34cf87fb92" },
    { "refId": "FM0998", "id": "61ab968a68f7df34cf87fb98" }
  ]
}
