{
  "list": [
    { "refId": "FM0701", "id": "61ab95af68f7df34cf87f508" },
    { "refId": "FM0702", "id": "61ab95af68f7df34cf87f50e" },
    { "refId": "FM0703", "id": "61ab95b068f7df34cf87f514" },
    { "refId": "FM0704", "id": "61ab95b168f7df34cf87f51a" },
    { "refId": "FM0705", "id": "61ab95b268f7df34cf87f520" },
    { "refId": "FM0706", "id": "61ab95b268f7df34cf87f526" },
    { "refId": "FM0707", "id": "61ab95b368f7df34cf87f52c" },
    { "refId": "FM0708", "id": "61ab95b468f7df34cf87f532" },
    { "refId": "FM0709", "id": "61ab95b568f7df34cf87f538" },
    { "refId": "FM0710", "id": "61ab95b668f7df34cf87f53e" },
    { "refId": "FM0711", "id": "61ab95b768f7df34cf87f544" },
    { "refId": "FM0712", "id": "61ab95b768f7df34cf87f54a" },
    { "refId": "FM0713", "id": "61ab95b868f7df34cf87f550" },
    { "refId": "FM0714", "id": "61ab95b968f7df34cf87f556" },
    { "refId": "FM0715", "id": "61ab95ba68f7df34cf87f55c" },
    { "refId": "FM0716", "id": "61ab95ba68f7df34cf87f562" },
    { "refId": "FM0717", "id": "61ab95bb68f7df34cf87f568" },
    { "refId": "FM0718", "id": "61ab95bc68f7df34cf87f56e" },
    { "refId": "FM0719", "id": "61ab95bd68f7df34cf87f574" },
    { "refId": "FM0720", "id": "61ab95bd68f7df34cf87f57a" },
    { "refId": "FM0721", "id": "61ab95be68f7df34cf87f580" },
    { "refId": "FM0722", "id": "61ab95bf68f7df34cf87f586" },
    { "refId": "FM0723", "id": "61ab95c068f7df34cf87f58c" },
    { "refId": "FM0724", "id": "61ab95c068f7df34cf87f592" },
    { "refId": "FM0725", "id": "61ab95c168f7df34cf87f598" },
    { "refId": "FM0726", "id": "61ab95c268f7df34cf87f59e" },
    { "refId": "FM0727", "id": "61ab95c268f7df34cf87f5a4" },
    { "refId": "FM0728", "id": "61ab95c368f7df34cf87f5aa" },
    { "refId": "FM0729", "id": "61ab95c468f7df34cf87f5b0" },
    { "refId": "FM0730", "id": "61ab95c568f7df34cf87f5b6" },
    { "refId": "FM0731", "id": "61ab95c568f7df34cf87f5bc" },
    { "refId": "FM0732", "id": "61ab95c668f7df34cf87f5c2" },
    { "refId": "FM0733", "id": "61ab95c768f7df34cf87f5c8" },
    { "refId": "FM0734", "id": "61ab95c868f7df34cf87f5ce" },
    { "refId": "FM0735", "id": "61ab95c868f7df34cf87f5d4" },
    { "refId": "FM0737", "id": "61ab95c968f7df34cf87f5da" },
    { "refId": "FM0739", "id": "61ab95ca68f7df34cf87f5e0" },
    { "refId": "FM0740", "id": "61ab95cb68f7df34cf87f5e6" },
    { "refId": "FM0741", "id": "61ab95cb68f7df34cf87f5ec" },
    { "refId": "FM0742", "id": "61ab95cc68f7df34cf87f5f2" },
    { "refId": "FM0743", "id": "61ab95cd68f7df34cf87f5f8" },
    { "refId": "FM0744", "id": "61ab95cd68f7df34cf87f5fe" },
    { "refId": "FM0745", "id": "61ab95ce68f7df34cf87f604" },
    { "refId": "FM0746", "id": "61ab95cf68f7df34cf87f60a" },
    { "refId": "FM0747", "id": "61ab95d068f7df34cf87f610" },
    { "refId": "FM0748", "id": "61ab95d068f7df34cf87f616" },
    { "refId": "FM0749", "id": "61ab95d168f7df34cf87f61c" },
    { "refId": "FM0750", "id": "61ab95d268f7df34cf87f622" },
    { "refId": "FM0751", "id": "61ab95d368f7df34cf87f628" },
    { "refId": "FM0752", "id": "61ab95d368f7df34cf87f62e" },
    { "refId": "FM0753", "id": "61ab95d468f7df34cf87f634" },
    { "refId": "FM0754", "id": "61ab95d568f7df34cf87f63a" },
    { "refId": "FM0755", "id": "61ab95d668f7df34cf87f640" },
    { "refId": "FM0756", "id": "61ab95d668f7df34cf87f646" },
    { "refId": "FM0757", "id": "61ab95d768f7df34cf87f64c" },
    { "refId": "FM0759", "id": "61ab95d868f7df34cf87f652" },
    { "refId": "FM0760", "id": "61ab95d868f7df34cf87f658" },
    { "refId": "FM0762", "id": "61ab95d968f7df34cf87f65e" },
    { "refId": "FM0763", "id": "61ab95da68f7df34cf87f664" },
    { "refId": "FM0764", "id": "61ab95db68f7df34cf87f66a" },
    { "refId": "FM0765", "id": "61ab95dc68f7df34cf87f670" },
    { "refId": "FM0766", "id": "61ab95dd68f7df34cf87f676" },
    { "refId": "FM0767", "id": "61ab95de68f7df34cf87f67c" },
    { "refId": "FM0768", "id": "61ab95de68f7df34cf87f682" },
    { "refId": "FM0769", "id": "61ab95df68f7df34cf87f688" },
    { "refId": "FM0770", "id": "61ab95e068f7df34cf87f68e" },
    { "refId": "FM0771", "id": "61ab95e168f7df34cf87f694" },
    { "refId": "FM0772", "id": "61ab95e168f7df34cf87f69a" },
    { "refId": "FM0773", "id": "61ab95e268f7df34cf87f6a0" },
    { "refId": "FM0774", "id": "61ab95e368f7df34cf87f6a6" },
    { "refId": "FM0775", "id": "61ab95e368f7df34cf87f6ac" },
    { "refId": "FM0776", "id": "61ab95e468f7df34cf87f6b2" },
    { "refId": "FM0777", "id": "61ab95e568f7df34cf87f6b8" },
    { "refId": "FM0778", "id": "61ab95e668f7df34cf87f6be" },
    { "refId": "FM0779", "id": "61ab95e768f7df34cf87f6c4" },
    { "refId": "FM0780", "id": "61ab95e768f7df34cf87f6ca" },
    { "refId": "FM0781", "id": "61ab95e868f7df34cf87f6d0" },
    { "refId": "FM0782", "id": "61ab95e968f7df34cf87f6d6" },
    { "refId": "FM0783", "id": "61ab95e968f7df34cf87f6dc" },
    { "refId": "FM0784", "id": "61ab95eb68f7df34cf87f6e2" },
    { "refId": "FM0785", "id": "61ab95ec68f7df34cf87f6e8" },
    { "refId": "FM0786", "id": "61ab95ec68f7df34cf87f6ee" },
    { "refId": "FM0787", "id": "61ab95ed68f7df34cf87f6f4" },
    { "refId": "FM0788", "id": "61ab95ee68f7df34cf87f6fa" },
    { "refId": "FM0789", "id": "61ab95ef68f7df34cf87f700" },
    { "refId": "FM0790", "id": "61ab95ef68f7df34cf87f706" },
    { "refId": "FM0791", "id": "61ab95f068f7df34cf87f70c" },
    { "refId": "FM0792", "id": "61ab95f168f7df34cf87f712" },
    { "refId": "FM0793", "id": "61ab95f268f7df34cf87f718" },
    { "refId": "FM0794", "id": "61ab95f368f7df34cf87f71e" },
    { "refId": "FM0795", "id": "61ab95f468f7df34cf87f724" },
    { "refId": "FM0796", "id": "61ab95f568f7df34cf87f72a" },
    { "refId": "FM0797", "id": "61ab95f668f7df34cf87f730" },
    { "refId": "FM0798", "id": "61ab95f768f7df34cf87f736" },
    { "refId": "FM0799", "id": "61ab95f868f7df34cf87f73c" },
    { "refId": "FM0800", "id": "61ab95f968f7df34cf87f742" },
    { "refId": "FM0804", "id": "61ab95fa68f7df34cf87f748" },
    { "refId": "FM0805", "id": "61ab95fb68f7df34cf87f74e" },
    { "refId": "FM0806", "id": "61ab95fc68f7df34cf87f754" },
    { "refId": "FM0807", "id": "61ab95fc68f7df34cf87f75a" },
    { "refId": "FM0808", "id": "61ab95fd68f7df34cf87f760" },
    { "refId": "FM0809", "id": "61ab95fe68f7df34cf87f766" },
    { "refId": "FM0810", "id": "61ab95ff68f7df34cf87f76c" },
    { "refId": "FM0811", "id": "61ab960068f7df34cf87f772" },
    { "refId": "FM0812", "id": "61ab960068f7df34cf87f778" },
    { "refId": "FM0813", "id": "61ab960168f7df34cf87f77e" },
    { "refId": "FM0814", "id": "61ab960268f7df34cf87f784" },
    { "refId": "FM0815", "id": "61ab960268f7df34cf87f78a" },
    { "refId": "FM0816", "id": "61ab960368f7df34cf87f790" },
    { "refId": "FM0817", "id": "61ab960468f7df34cf87f796" },
    { "refId": "FM0818", "id": "61ab960568f7df34cf87f79c" },
    { "refId": "FM0820", "id": "61ab960668f7df34cf87f7a2" },
    { "refId": "FM0821", "id": "61ab960668f7df34cf87f7a8" },
    { "refId": "FM0823", "id": "61ab960768f7df34cf87f7ae" },
    { "refId": "FM0824", "id": "61ab960868f7df34cf87f7b4" },
    { "refId": "FM0825", "id": "61ab960968f7df34cf87f7ba" },
    { "refId": "FM0826", "id": "61ab960968f7df34cf87f7c0" },
    { "refId": "FM0827", "id": "61ab960a68f7df34cf87f7c6" },
    { "refId": "FM0828", "id": "61ab960b68f7df34cf87f7cc" },
    { "refId": "FM0829", "id": "61ab960c68f7df34cf87f7d2" },
    { "refId": "FM0830", "id": "61ab960c68f7df34cf87f7d8" },
    { "refId": "FM0831", "id": "61ab960d68f7df34cf87f7de" },
    { "refId": "FM0832", "id": "61ab960e68f7df34cf87f7e4" },
    { "refId": "FM0833", "id": "61ab960e68f7df34cf87f7ea" },
    { "refId": "FM0834", "id": "61ab960f68f7df34cf87f7f0" },
    { "refId": "FM0835", "id": "61ab961068f7df34cf87f7f6" },
    { "refId": "FM0836", "id": "61ab961168f7df34cf87f7fc" },
    { "refId": "FM0838", "id": "61ab961268f7df34cf87f802" },
    { "refId": "FM0839", "id": "61ab961268f7df34cf87f808" },
    { "refId": "FM0840", "id": "61ab961368f7df34cf87f80e" },
    { "refId": "FM0841", "id": "61ab961468f7df34cf87f814" },
    { "refId": "FM0843", "id": "61ab961568f7df34cf87f81a" },
    { "refId": "FM0844", "id": "61ab961668f7df34cf87f820" },
    { "refId": "FM0845", "id": "61ab961768f7df34cf87f826" },
    { "refId": "FM0846", "id": "61ab961768f7df34cf87f82c" },
    { "refId": "FM0847", "id": "61ab961868f7df34cf87f832" },
    { "refId": "FM0848", "id": "61ab961968f7df34cf87f838" },
    { "refId": "FM0849", "id": "61ab961968f7df34cf87f83e" },
    { "refId": "FM0850", "id": "61ab961a68f7df34cf87f844" }
  ]
}
