{
  "list": [
    { "refId": "FM0001", "id": "619760f7f2a57786bbdb96bc" },
    { "refId": "FM0002", "id": "61ab93c568f7df34cf87e584" },
    { "refId": "FM0003", "id": "61ab93c668f7df34cf87e58a" },
    { "refId": "FM0004", "id": "61ab93c768f7df34cf87e590" },
    { "refId": "FM0005", "id": "61ab93c768f7df34cf87e596" },
    { "refId": "FM0006", "id": "61ab93c868f7df34cf87e59c" },
    { "refId": "FM0007", "id": "61ab93c968f7df34cf87e5a2" },
    { "refId": "FM0008", "id": "61ab93ca68f7df34cf87e5a8" },
    { "refId": "FM0009", "id": "61ab93ca68f7df34cf87e5ae" },
    { "refId": "FM0010", "id": "61ab93cb68f7df34cf87e5b4" },
    { "refId": "FM0011", "id": "61ab93cc68f7df34cf87e5ba" },
    { "refId": "FM0012", "id": "61ab93cd68f7df34cf87e5c0" },
    { "refId": "FM0013", "id": "61ab93cd68f7df34cf87e5c6" },
    { "refId": "FM0014", "id": "61ab93ce68f7df34cf87e5cc" },
    { "refId": "FM0015", "id": "61ab93cf68f7df34cf87e5d2" },
    { "refId": "FM0016", "id": "61ab93d068f7df34cf87e5d8" },
    { "refId": "FM0017", "id": "61ab93d068f7df34cf87e5de" },
    { "refId": "FM0018", "id": "61ab93d168f7df34cf87e5e4" },
    { "refId": "FM0019", "id": "61ab93d268f7df34cf87e5ea" },
    { "refId": "FM0020", "id": "61ab93d268f7df34cf87e5f0" },
    { "refId": "FM0021", "id": "61ab93d368f7df34cf87e5f6" },
    { "refId": "FM0022", "id": "61ab93d468f7df34cf87e5fc" },
    { "refId": "FM0023", "id": "61ab93d468f7df34cf87e602" },
    { "refId": "FM0024", "id": "61ab93d568f7df34cf87e608" },
    { "refId": "FM0025", "id": "61ab93d668f7df34cf87e60e" },
    { "refId": "FM0026", "id": "61ab93d768f7df34cf87e614" },
    { "refId": "FM0027", "id": "61ab93d768f7df34cf87e61a" },
    { "refId": "FM0028", "id": "61ab93d868f7df34cf87e620" },
    { "refId": "FM0029", "id": "61ab93d968f7df34cf87e626" },
    { "refId": "FM0030", "id": "61ab93d968f7df34cf87e62c" },
    { "refId": "FM0031", "id": "61ab93da68f7df34cf87e632" },
    { "refId": "FM0032", "id": "61ab93db68f7df34cf87e638" },
    { "refId": "FM0033", "id": "61ab93db68f7df34cf87e63e" },
    { "refId": "FM0034", "id": "61ab93dc68f7df34cf87e644" },
    { "refId": "FM0035", "id": "61ab93dd68f7df34cf87e64a" },
    { "refId": "FM0036", "id": "61ab93de68f7df34cf87e650" },
    { "refId": "FM0037", "id": "61ab93df68f7df34cf87e656" },
    { "refId": "FM0038", "id": "61ab93df68f7df34cf87e65c" },
    { "refId": "FM0039", "id": "61ab93e068f7df34cf87e662" },
    { "refId": "FM0040", "id": "61ab93e168f7df34cf87e668" },
    { "refId": "FM0041", "id": "61ab93e168f7df34cf87e66e" },
    { "refId": "FM0042", "id": "61ab93e268f7df34cf87e674" },
    { "refId": "FM0043", "id": "61ab93e368f7df34cf87e67a" },
    { "refId": "FM0044", "id": "61ab93e468f7df34cf87e680" },
    { "refId": "FM0045", "id": "61ab93e468f7df34cf87e686" },
    { "refId": "FM0046", "id": "61ab93e568f7df34cf87e68c" },
    { "refId": "FM0047", "id": "61ab93e668f7df34cf87e692" },
    { "refId": "FM0048", "id": "61ab93e768f7df34cf87e698" },
    { "refId": "FM0049", "id": "61ab93e768f7df34cf87e69e" },
    { "refId": "FM0050", "id": "61ab93e868f7df34cf87e6a4" },
    { "refId": "FM0051", "id": "61ab93e968f7df34cf87e6aa" },
    { "refId": "FM0052", "id": "61ab93ea68f7df34cf87e6b0" },
    { "refId": "FM0053", "id": "61ab93ea68f7df34cf87e6b6" },
    { "refId": "FM0054", "id": "61ab93eb68f7df34cf87e6bc" },
    { "refId": "FM0055", "id": "61ab93ec68f7df34cf87e6c2" },
    { "refId": "FM0056", "id": "61ab93ec68f7df34cf87e6c8" },
    { "refId": "FM0057", "id": "61ab93ed68f7df34cf87e6ce" },
    { "refId": "FM0058", "id": "61ab93ee68f7df34cf87e6d4" },
    { "refId": "FM0059", "id": "61ab93ee68f7df34cf87e6da" },
    { "refId": "FM0060", "id": "61ab93ef68f7df34cf87e6e0" },
    { "refId": "FM0061", "id": "61ab93f068f7df34cf87e6e6" },
    { "refId": "FM0062", "id": "61ab93f168f7df34cf87e6ec" },
    { "refId": "FM0063", "id": "61ab93f168f7df34cf87e6f2" },
    { "refId": "FM0064", "id": "61ab93f268f7df34cf87e6f8" },
    { "refId": "FM0065", "id": "61ab93f368f7df34cf87e6fe" },
    { "refId": "FM0066", "id": "61ab93f468f7df34cf87e704" },
    { "refId": "FM0067", "id": "61ab93f468f7df34cf87e70a" },
    { "refId": "FM0068", "id": "61ab93f568f7df34cf87e710" },
    { "refId": "FM0069", "id": "61ab93f668f7df34cf87e716" },
    { "refId": "FM0070", "id": "61ab93f668f7df34cf87e71c" },
    { "refId": "FM0071", "id": "61ab93f768f7df34cf87e722" },
    { "refId": "FM0072", "id": "61ab93f868f7df34cf87e728" },
    { "refId": "FM0073", "id": "61ab93f868f7df34cf87e72e" },
    { "refId": "FM0074", "id": "61ab93f968f7df34cf87e734" },
    { "refId": "FM0075", "id": "61ab93fa68f7df34cf87e73a" },
    { "refId": "FM0076", "id": "61ab93fb68f7df34cf87e740" },
    { "refId": "FM0077", "id": "61ab93fb68f7df34cf87e746" },
    { "refId": "FM0078", "id": "61ab93fc68f7df34cf87e74c" },
    { "refId": "FM0079", "id": "61ab93fd68f7df34cf87e752" },
    { "refId": "FM0080", "id": "61ab93fd68f7df34cf87e758" },
    { "refId": "FM0081", "id": "61ab93fe68f7df34cf87e75e" },
    { "refId": "FM0082", "id": "61ab93ff68f7df34cf87e764" },
    { "refId": "FM0083", "id": "61ab940068f7df34cf87e76a" },
    { "refId": "FM0084", "id": "61ab940068f7df34cf87e770" },
    { "refId": "FM0085", "id": "61ab940168f7df34cf87e776" },
    { "refId": "FM0086", "id": "61ab940268f7df34cf87e77c" },
    { "refId": "FM0087", "id": "61ab940268f7df34cf87e782" },
    { "refId": "FM0088", "id": "61ab940368f7df34cf87e788" },
    { "refId": "FM0089", "id": "61ab940468f7df34cf87e78e" },
    { "refId": "FM0090", "id": "61ab940568f7df34cf87e794" },
    { "refId": "FM0091", "id": "61ab940668f7df34cf87e79a" },
    { "refId": "FM0092", "id": "61ab940668f7df34cf87e7a0" },
    { "refId": "FM0093", "id": "61ab940768f7df34cf87e7a6" },
    { "refId": "FM0094", "id": "61ab940868f7df34cf87e7ac" },
    { "refId": "FM0095", "id": "61ab940968f7df34cf87e7b2" },
    { "refId": "FM0096", "id": "61ab940a68f7df34cf87e7b8" },
    { "refId": "FM0097", "id": "61ab940b68f7df34cf87e7be" },
    { "refId": "FM0098", "id": "61ab940c68f7df34cf87e7c4" },
    { "refId": "FM0099", "id": "61ab940c68f7df34cf87e7ca" },
    { "refId": "FM0100", "id": "61ab940d68f7df34cf87e7d0" },
    { "refId": "FM0101", "id": "61ab940e68f7df34cf87e7d6" },
    { "refId": "FM0102", "id": "61ab940f68f7df34cf87e7dc" },
    { "refId": "FM0103", "id": "61ab941068f7df34cf87e7e2" },
    { "refId": "FM0104", "id": "61ab941168f7df34cf87e7e8" },
    { "refId": "FM0105", "id": "61ab941268f7df34cf87e7ee" },
    { "refId": "FM0106", "id": "61ab941368f7df34cf87e7f4" },
    { "refId": "FM0107", "id": "61ab941468f7df34cf87e7fa" },
    { "refId": "FM0108", "id": "61ab941568f7df34cf87e800" },
    { "refId": "FM0109", "id": "61ab941668f7df34cf87e806" },
    { "refId": "FM0110", "id": "61ab941768f7df34cf87e80c" },
    { "refId": "FM0111", "id": "61ab941868f7df34cf87e812" },
    { "refId": "FM0112", "id": "61ab941968f7df34cf87e818" },
    { "refId": "FM0113", "id": "61ab941a68f7df34cf87e81e" },
    { "refId": "FM0114", "id": "61ab941a68f7df34cf87e824" },
    { "refId": "FM0115", "id": "61ab941b68f7df34cf87e82a" },
    { "refId": "FM0116", "id": "61ab941c68f7df34cf87e830" },
    { "refId": "FM0117", "id": "61ab941c68f7df34cf87e836" },
    { "refId": "FM0118", "id": "61ab941d68f7df34cf87e83c" },
    { "refId": "FM0119", "id": "61ab941e68f7df34cf87e842" },
    { "refId": "FM0120", "id": "61ab941f68f7df34cf87e848" },
    { "refId": "FM0121", "id": "61ab941f68f7df34cf87e84e" },
    { "refId": "FM0122", "id": "61ab942068f7df34cf87e854" },
    { "refId": "FM0123", "id": "61ab942168f7df34cf87e85a" },
    { "refId": "FM0124", "id": "61ab942268f7df34cf87e860" },
    { "refId": "FM0126", "id": "61ab942268f7df34cf87e866" },
    { "refId": "FM0127", "id": "61ab942368f7df34cf87e86c" },
    { "refId": "FM0128", "id": "61ab942468f7df34cf87e872" },
    { "refId": "FM0129", "id": "61ab942568f7df34cf87e878" },
    { "refId": "FM0130", "id": "61ab942568f7df34cf87e87e" },
    { "refId": "FM0132", "id": "61ab942668f7df34cf87e884" },
    { "refId": "FM0134", "id": "61ab942768f7df34cf87e88a" },
    { "refId": "FM0135", "id": "61ab942768f7df34cf87e890" },
    { "refId": "FM0136", "id": "61ab942868f7df34cf87e896" },
    { "refId": "FM0137", "id": "61ab942968f7df34cf87e89c" },
    { "refId": "FM0138", "id": "61ab942a68f7df34cf87e8a2" },
    { "refId": "FM0139", "id": "61ab942a68f7df34cf87e8a8" },
    { "refId": "FM0140", "id": "61ab942b68f7df34cf87e8ae" },
    { "refId": "FM0141", "id": "61ab942c68f7df34cf87e8b4" },
    { "refId": "FM0142", "id": "61ab942c68f7df34cf87e8ba" },
    { "refId": "FM0143", "id": "61ab942d68f7df34cf87e8c0" },
    { "refId": "FM0144", "id": "61ab942e68f7df34cf87e8c6" },
    { "refId": "FM0145", "id": "61ab942f68f7df34cf87e8cc" },
    { "refId": "FM0147", "id": "61ab942f68f7df34cf87e8d2" },
    { "refId": "FM0148", "id": "61ab943068f7df34cf87e8d8" },
    { "refId": "FM0149", "id": "61ab943168f7df34cf87e8de" },
    { "refId": "FM0150", "id": "61ab943168f7df34cf87e8e4" },
    { "refId": "FM0151", "id": "61ab943268f7df34cf87e8ea" },
    { "refId": "FM0152", "id": "61ab943368f7df34cf87e8f0" },
    { "refId": "FM0153", "id": "61ab943368f7df34cf87e8f6" },
    { "refId": "FM0154", "id": "61ab943468f7df34cf87e8fc" },
    { "refId": "FM0155", "id": "61ab943568f7df34cf87e902" },
    { "refId": "FM0156", "id": "61ab943568f7df34cf87e908" },
    { "refId": "FM0157", "id": "61ab943668f7df34cf87e90e" },
    { "refId": "FM0158", "id": "61ab943768f7df34cf87e914" },
    { "refId": "FM0159", "id": "61ab943868f7df34cf87e91a" },
    { "refId": "FM0160", "id": "61ab943868f7df34cf87e920" },
    { "refId": "FM0161", "id": "61ab943968f7df34cf87e926" },
    { "refId": "FM0162", "id": "61ab943a68f7df34cf87e92c" },
    { "refId": "FM0163", "id": "61ab943a68f7df34cf87e932" },
    { "refId": "FM0164", "id": "61ab943b68f7df34cf87e938" },
    { "refId": "FM0165", "id": "61ab943c68f7df34cf87e93e" },
    { "refId": "FM0166", "id": "61ab943d68f7df34cf87e944" },
    { "refId": "FM0167", "id": "61ab943d68f7df34cf87e94a" },
    { "refId": "FM0168", "id": "61ab943e68f7df34cf87e950" },
    { "refId": "FM0169", "id": "61ab943f68f7df34cf87e956" },
    { "refId": "FM0170", "id": "61ab944068f7df34cf87e95c" },
    { "refId": "FM0171", "id": "61ab944068f7df34cf87e962" },
    { "refId": "FM0172", "id": "61ab944168f7df34cf87e968" },
    { "refId": "FM0173", "id": "61ab944268f7df34cf87e96e" },
    { "refId": "FM0174", "id": "61ab944268f7df34cf87e974" },
    { "refId": "FM0175", "id": "61ab944368f7df34cf87e97a" },
    { "refId": "FM0176", "id": "61ab944468f7df34cf87e980" },
    { "refId": "FM0177", "id": "61ab944468f7df34cf87e986" },
    { "refId": "FM0178", "id": "61ab944568f7df34cf87e98c" },
    { "refId": "FM0179", "id": "61ab944668f7df34cf87e992" },
    { "refId": "FM0180", "id": "61ab944768f7df34cf87e998" },
    { "refId": "FM0181", "id": "61ab944768f7df34cf87e99e" },
    { "refId": "FM0182", "id": "61ab944868f7df34cf87e9a4" },
    { "refId": "FM0183", "id": "61ab944968f7df34cf87e9aa" },
    { "refId": "FM0184", "id": "61ab944a68f7df34cf87e9b0" },
    { "refId": "FM0185", "id": "61ab944b68f7df34cf87e9b6" },
    { "refId": "FM0186", "id": "61ab944b68f7df34cf87e9bc" },
    { "refId": "FM0187", "id": "61ab944c68f7df34cf87e9c2" },
    { "refId": "FM0188", "id": "61ab944d68f7df34cf87e9c8" },
    { "refId": "FM0189", "id": "61ab944e68f7df34cf87e9ce" },
    { "refId": "FM0190", "id": "61ab944f68f7df34cf87e9d4" },
    { "refId": "FM0192", "id": "61ab945068f7df34cf87e9da" },
    { "refId": "FM0193", "id": "61ab945068f7df34cf87e9e0" },
    { "refId": "FM0194", "id": "61ab945168f7df34cf87e9e6" },
    { "refId": "FM0195", "id": "61ab945268f7df34cf87e9ec" },
    { "refId": "FM0196", "id": "61ab945368f7df34cf87e9f2" },
    { "refId": "FM0197", "id": "61ab945368f7df34cf87e9f8" },
    { "refId": "FM0198", "id": "61ab945468f7df34cf87e9fe" },
    { "refId": "FM0199", "id": "61ab945568f7df34cf87ea04" },
    { "refId": "FM0200", "id": "61ab945568f7df34cf87ea0a" },
    { "refId": "FM0201", "id": "61ab945668f7df34cf87ea10" },
    { "refId": "FM0202", "id": "61ab945768f7df34cf87ea16" },
    { "refId": "FM0203", "id": "61ab945868f7df34cf87ea1c" },
    { "refId": "FM0204", "id": "61ab945868f7df34cf87ea22" },
    { "refId": "FM0205", "id": "61ab945968f7df34cf87ea28" },
    { "refId": "FM0207", "id": "61ab945a68f7df34cf87ea2e" },
    { "refId": "FM0208", "id": "61ab945b68f7df34cf87ea34" },
    { "refId": "FM0209", "id": "61ab945b68f7df34cf87ea3a" },
    { "refId": "FM0210", "id": "61ab945c68f7df34cf87ea40" },
    { "refId": "FM0211", "id": "61ab945d68f7df34cf87ea46" },
    { "refId": "FM0212", "id": "61ab945d68f7df34cf87ea4c" },
    { "refId": "FM0213", "id": "61ab945e68f7df34cf87ea52" },
    { "refId": "FM0214", "id": "61ab945f68f7df34cf87ea58" },
    { "refId": "FM0215", "id": "61ab945f68f7df34cf87ea5e" },
    { "refId": "FM0216", "id": "61ab946068f7df34cf87ea64" },
    { "refId": "FM0217", "id": "61ab946168f7df34cf87ea6a" },
    { "refId": "FM0218", "id": "61ab946268f7df34cf87ea70" },
    { "refId": "FM0219", "id": "61ab946368f7df34cf87ea76" },
    { "refId": "FM0220", "id": "61ab946368f7df34cf87ea7c" },
    { "refId": "FM0221", "id": "61ab946468f7df34cf87ea82" },
    { "refId": "FM0222", "id": "61ab946568f7df34cf87ea88" },
    { "refId": "FM0223", "id": "61ab946668f7df34cf87ea8e" },
    { "refId": "FM0225", "id": "61ab946768f7df34cf87ea94" },
    { "refId": "FM0226", "id": "61ab946768f7df34cf87ea9a" },
    { "refId": "FM0228", "id": "61ab946868f7df34cf87eaa0" },
    { "refId": "FM0231", "id": "61ab946968f7df34cf87eaa6" },
    { "refId": "FM0233", "id": "61ab946968f7df34cf87eaac" },
    { "refId": "FM0234", "id": "61ab946a68f7df34cf87eab2" },
    { "refId": "FM0236", "id": "61ab946b68f7df34cf87eab8" },
    { "refId": "FM0237", "id": "61ab946b68f7df34cf87eabe" },
    { "refId": "FM0238", "id": "61ab946c68f7df34cf87eac4" },
    { "refId": "FM0239", "id": "61ab946d68f7df34cf87eaca" },
    { "refId": "FM0240", "id": "61ab946d68f7df34cf87ead0" },
    { "refId": "FM0241", "id": "61ab946e68f7df34cf87ead6" },
    { "refId": "FM0242", "id": "61ab946f68f7df34cf87eadc" },
    { "refId": "FM0243", "id": "61ab947068f7df34cf87eae2" },
    { "refId": "FM0244", "id": "61ab947068f7df34cf87eae8" },
    { "refId": "FM0245", "id": "61ab947168f7df34cf87eaee" },
    { "refId": "FM0246", "id": "61ab947268f7df34cf87eaf4" },
    { "refId": "FM0247", "id": "61ab947268f7df34cf87eafa" },
    { "refId": "FM0248", "id": "61ab947368f7df34cf87eb00" },
    { "refId": "FM0250", "id": "61ab947468f7df34cf87eb06" },
    { "refId": "FM0251", "id": "61ab947468f7df34cf87eb0c" },
    { "refId": "FM0252", "id": "61ab947568f7df34cf87eb12" },
    { "refId": "FM0253", "id": "61ab947668f7df34cf87eb18" },
    { "refId": "FM0254", "id": "61ab947768f7df34cf87eb1e" },
    { "refId": "FM0255", "id": "61ab947768f7df34cf87eb24" },
    { "refId": "FM0256", "id": "61ab947868f7df34cf87eb2a" },
    { "refId": "FM0257", "id": "61ab947968f7df34cf87eb30" },
    { "refId": "FM0258", "id": "61ab947968f7df34cf87eb36" },
    { "refId": "FM0260", "id": "61ab947a68f7df34cf87eb3c" },
    { "refId": "FM0262", "id": "61ab947b68f7df34cf87eb42" },
    { "refId": "FM0263", "id": "61ab947b68f7df34cf87eb48" },
    { "refId": "FM0265", "id": "61ab947c68f7df34cf87eb4e" },
    { "refId": "FM0266", "id": "61ab947d68f7df34cf87eb54" },
    { "refId": "FM0267", "id": "61ab947d68f7df34cf87eb5a" },
    { "refId": "FM0268", "id": "61ab947e68f7df34cf87eb60" },
    { "refId": "FM0270", "id": "61ab947f68f7df34cf87eb66" },
    { "refId": "FM0271", "id": "61ab948068f7df34cf87eb6c" },
    { "refId": "FM0272", "id": "61ab948068f7df34cf87eb72" },
    { "refId": "FM0273", "id": "61ab948168f7df34cf87eb78" },
    { "refId": "FM0274", "id": "61ab948268f7df34cf87eb7e" },
    { "refId": "FM0275", "id": "61ab948268f7df34cf87eb84" },
    { "refId": "FM0276", "id": "61ab948368f7df34cf87eb8a" },
    { "refId": "FM0277", "id": "61ab948468f7df34cf87eb90" },
    { "refId": "FM0278", "id": "61ab948568f7df34cf87eb96" },
    { "refId": "FM0279", "id": "61ab948568f7df34cf87eb9c" },
    { "refId": "FM0280", "id": "61ab948668f7df34cf87eba2" },
    { "refId": "FM0281", "id": "61ab948768f7df34cf87eba8" },
    { "refId": "FM0282", "id": "61ab948768f7df34cf87ebae" },
    { "refId": "FM0284", "id": "61ab948868f7df34cf87ebb4" },
    { "refId": "FM0285", "id": "61ab948968f7df34cf87ebba" },
    { "refId": "FM0286", "id": "61ab948968f7df34cf87ebc0" },
    { "refId": "FM0287", "id": "61ab948a68f7df34cf87ebc6" },
    { "refId": "FM0288", "id": "61ab948b68f7df34cf87ebcc" },
    { "refId": "FM0289", "id": "61ab948b68f7df34cf87ebd2" },
    { "refId": "FM0290", "id": "61ab948c68f7df34cf87ebd8" },
    { "refId": "FM0291", "id": "61ab948d68f7df34cf87ebde" },
    { "refId": "FM0292", "id": "61ab948e68f7df34cf87ebe4" },
    { "refId": "FM0293", "id": "61ab948e68f7df34cf87ebea" },
    { "refId": "FM0294", "id": "61ab948f68f7df34cf87ebf0" },
    { "refId": "FM0295", "id": "61ab949068f7df34cf87ebf6" },
    { "refId": "FM0296", "id": "61ab949168f7df34cf87ebfc" },
    { "refId": "FM0297", "id": "61ab949168f7df34cf87ec02" },
    { "refId": "FM0298", "id": "61ab949268f7df34cf87ec08" },
    { "refId": "FM0299", "id": "61ab949368f7df34cf87ec0e" },
    { "refId": "FM0300", "id": "61ab949368f7df34cf87ec14" },
    { "refId": "FM0301", "id": "61ab949468f7df34cf87ec1a" },
    { "refId": "FM0302", "id": "61ab949568f7df34cf87ec20" },
    { "refId": "FM0303", "id": "61ab949668f7df34cf87ec26" },
    { "refId": "FM0304", "id": "61ab949668f7df34cf87ec2c" },
    { "refId": "FM0305", "id": "61ab949768f7df34cf87ec32" },
    { "refId": "FM0306", "id": "61ab949868f7df34cf87ec38" },
    { "refId": "FM0307", "id": "61ab949868f7df34cf87ec3e" },
    { "refId": "FM0308", "id": "61ab949968f7df34cf87ec44" },
    { "refId": "FM0310", "id": "61ab949a68f7df34cf87ec4a" },
    { "refId": "FM0311", "id": "61ab949a68f7df34cf87ec50" },
    { "refId": "FM0312", "id": "61ab949b68f7df34cf87ec56" },
    { "refId": "FM0313", "id": "61ab949c68f7df34cf87ec5c" },
    { "refId": "FM0314", "id": "61ab949c68f7df34cf87ec62" },
    { "refId": "FM0315", "id": "61ab949d68f7df34cf87ec68" },
    { "refId": "FM0316", "id": "61ab949e68f7df34cf87ec6e" },
    { "refId": "FM0317", "id": "61ab949f68f7df34cf87ec74" },
    { "refId": "FM0318", "id": "61ab949f68f7df34cf87ec7a" },
    { "refId": "FM0319", "id": "61ab94a068f7df34cf87ec80" },
    { "refId": "FM0320", "id": "61ab94a168f7df34cf87ec86" },
    { "refId": "FM0321", "id": "61ab94a268f7df34cf87ec8c" },
    { "refId": "FM0322", "id": "61ab94a268f7df34cf87ec92" },
    { "refId": "FM0323", "id": "61ab94a368f7df34cf87ec98" },
    { "refId": "FM0324", "id": "61ab94a468f7df34cf87ec9e" },
    { "refId": "FM0325", "id": "61ab94a468f7df34cf87eca4" },
    { "refId": "FM0326", "id": "61ab94a568f7df34cf87ecaa" },
    { "refId": "FM0327", "id": "61ab94a668f7df34cf87ecb0" },
    { "refId": "FM0328", "id": "61ab94a668f7df34cf87ecb6" },
    { "refId": "FM0329", "id": "61ab94a768f7df34cf87ecbc" },
    { "refId": "FM0330", "id": "61ab94a868f7df34cf87ecc2" },
    { "refId": "FM0331", "id": "61ab94a868f7df34cf87ecc8" },
    { "refId": "FM0332", "id": "61ab94a968f7df34cf87ecce" },
    { "refId": "FM0333", "id": "61ab94aa68f7df34cf87ecd4" },
    { "refId": "FM0334", "id": "61ab94ab68f7df34cf87ecda" },
    { "refId": "FM0335", "id": "61ab94ab68f7df34cf87ece0" },
    { "refId": "FM0336", "id": "61ab94ac68f7df34cf87ece6" },
    { "refId": "FM0337", "id": "61ab94ad68f7df34cf87ecec" },
    { "refId": "FM0338", "id": "61ab94ad68f7df34cf87ecf2" },
    { "refId": "FM0339", "id": "61ab94ae68f7df34cf87ecf8" },
    { "refId": "FM0340", "id": "61ab94af68f7df34cf87ecfe" },
    { "refId": "FM0341", "id": "61ab94b068f7df34cf87ed04" },
    { "refId": "FM0342", "id": "61ab94b068f7df34cf87ed0a" },
    { "refId": "FM0343", "id": "61ab94b168f7df34cf87ed10" },
    { "refId": "FM0344", "id": "61ab94b268f7df34cf87ed16" },
    { "refId": "FM0345", "id": "61ab94b368f7df34cf87ed1c" },
    { "refId": "FM0346", "id": "61ab94b368f7df34cf87ed22" },
    { "refId": "FM0347", "id": "61ab94b468f7df34cf87ed28" },
    { "refId": "FM0348", "id": "61ab94b568f7df34cf87ed2e" },
    { "refId": "FM0349", "id": "61ab94b668f7df34cf87ed34" },
    { "refId": "FM0350", "id": "61ab94b768f7df34cf87ed3a" },
    { "refId": "FM0351", "id": "61ab94b868f7df34cf87ed40" },
    { "refId": "FM0352", "id": "61ab94b868f7df34cf87ed46" },
    { "refId": "FM0353", "id": "61ab94b968f7df34cf87ed4c" },
    { "refId": "FM0354", "id": "61ab94ba68f7df34cf87ed52" },
    { "refId": "FM0355", "id": "61ab94ba68f7df34cf87ed58" },
    { "refId": "FM0356", "id": "61ab94bb68f7df34cf87ed5e" },
    { "refId": "FM0357", "id": "61ab94bc68f7df34cf87ed64" },
    { "refId": "FM0358", "id": "61ab94bd68f7df34cf87ed6a" },
    { "refId": "FM0359", "id": "61ab94be68f7df34cf87ed70" },
    { "refId": "FM0360", "id": "61ab94bf68f7df34cf87ed76" },
    { "refId": "FM0361", "id": "61ab94bf68f7df34cf87ed7c" },
    { "refId": "FM0362", "id": "61ab94c068f7df34cf87ed82" },
    { "refId": "FM0363", "id": "61ab94c168f7df34cf87ed88" },
    { "refId": "FM0364", "id": "61ab94c268f7df34cf87ed8e" },
    { "refId": "FM0365", "id": "61ab94c368f7df34cf87ed94" },
    { "refId": "FM0366", "id": "61ab94c368f7df34cf87ed9a" },
    { "refId": "FM0367", "id": "61ab94c468f7df34cf87eda0" },
    { "refId": "FM0368", "id": "61ab94c568f7df34cf87eda6" },
    { "refId": "FM0369", "id": "61ab94c668f7df34cf87edac" },
    { "refId": "FM0370", "id": "61ab94c768f7df34cf87edb2" },
    { "refId": "FM0371", "id": "61ab94c768f7df34cf87edb8" },
    { "refId": "FM0372", "id": "61ab94c868f7df34cf87edbe" },
    { "refId": "FM0373", "id": "61ab94c968f7df34cf87edc4" },
    { "refId": "FM0374", "id": "61ab94c968f7df34cf87edca" },
    { "refId": "FM0375", "id": "61ab94ca68f7df34cf87edd0" },
    { "refId": "FM0376", "id": "61ab94cb68f7df34cf87edd6" },
    { "refId": "FM0377", "id": "61ab94cb68f7df34cf87eddc" },
    { "refId": "FM0378", "id": "61ab94cc68f7df34cf87ede2" },
    { "refId": "FM0379", "id": "61ab94cd68f7df34cf87ede8" },
    { "refId": "FM0380", "id": "61ab94ce68f7df34cf87edee" },
    { "refId": "FM0381", "id": "61ab94ce68f7df34cf87edf4" },
    { "refId": "FM0382", "id": "61ab94cf68f7df34cf87edfa" },
    { "refId": "FM0383", "id": "61ab94d068f7df34cf87ee00" },
    { "refId": "FM0384", "id": "61ab94d168f7df34cf87ee06" },
    { "refId": "FM0385", "id": "61ab94d168f7df34cf87ee0c" },
    { "refId": "FM0386", "id": "61ab94d268f7df34cf87ee12" },
    { "refId": "FM0387", "id": "61ab94d368f7df34cf87ee18" },
    { "refId": "FM0388", "id": "61ab94d468f7df34cf87ee1e" },
    { "refId": "FM0389", "id": "61ab94d568f7df34cf87ee24" },
    { "refId": "FM0390", "id": "61ab94d668f7df34cf87ee2a" },
    { "refId": "FM0391", "id": "61ab94d768f7df34cf87ee30" },
    { "refId": "FM0392", "id": "61ab94d768f7df34cf87ee36" },
    { "refId": "FM0393", "id": "61ab94d868f7df34cf87ee3c" },
    { "refId": "FM0394", "id": "61ab94d968f7df34cf87ee42" },
    { "refId": "FM0395", "id": "61ab94da68f7df34cf87ee48" },
    { "refId": "FM0396", "id": "61ab94db68f7df34cf87ee4e" },
    { "refId": "FM0397", "id": "61ab94dc68f7df34cf87ee54" },
    { "refId": "FM0398", "id": "61ab94dd68f7df34cf87ee5a" },
    { "refId": "FM0399", "id": "61ab94dd68f7df34cf87ee60" },
    { "refId": "FM0400", "id": "61ab94de68f7df34cf87ee66" },
    { "refId": "FM0401", "id": "61ab94df68f7df34cf87ee6c" },
    { "refId": "FM0403", "id": "61ab94df68f7df34cf87ee72" },
    { "refId": "FM0404", "id": "61ab94e068f7df34cf87ee78" },
    { "refId": "FM0405", "id": "61ab94e168f7df34cf87ee7e" },
    { "refId": "FM0406", "id": "61ab94e168f7df34cf87ee84" },
    { "refId": "FM0407", "id": "61ab94e268f7df34cf87ee8a" },
    { "refId": "FM0408", "id": "61ab94e368f7df34cf87ee90" },
    { "refId": "FM0409", "id": "61ab94e468f7df34cf87ee96" },
    { "refId": "FM0410", "id": "61ab94e468f7df34cf87ee9c" },
    { "refId": "FM0412", "id": "61ab94e568f7df34cf87eea2" },
    { "refId": "FM0413", "id": "61ab94e668f7df34cf87eea8" },
    { "refId": "FM0414", "id": "61ab94e668f7df34cf87eeae" },
    { "refId": "FM0415", "id": "61ab94e768f7df34cf87eeb4" },
    { "refId": "FM0416", "id": "61ab94e868f7df34cf87eeba" },
    { "refId": "FM0417", "id": "61ab94e868f7df34cf87eec0" },
    { "refId": "FM0418", "id": "61ab94e968f7df34cf87eec6" },
    { "refId": "FM0419", "id": "61ab94ea68f7df34cf87eecc" },
    { "refId": "FM0420", "id": "61ab94ea68f7df34cf87eed2" },
    { "refId": "FM0421", "id": "61ab94eb68f7df34cf87eed8" },
    { "refId": "FM0422", "id": "61ab94ec68f7df34cf87eede" },
    { "refId": "FM0423", "id": "61ab94ec68f7df34cf87eee4" },
    { "refId": "FM0424", "id": "61ab94ed68f7df34cf87eeea" },
    { "refId": "FM0425", "id": "61ab94ee68f7df34cf87eef0" },
    { "refId": "FM0426", "id": "61ab94ef68f7df34cf87eef6" },
    { "refId": "FM0427", "id": "61ab94ef68f7df34cf87eefc" },
    { "refId": "FM0428", "id": "61ab94f068f7df34cf87ef02" },
    { "refId": "FM0429", "id": "61ab94f168f7df34cf87ef08" },
    { "refId": "FM0430", "id": "61ab94f168f7df34cf87ef0e" },
    { "refId": "FM0431", "id": "61ab94f268f7df34cf87ef14" },
    { "refId": "FM0432", "id": "61ab94f368f7df34cf87ef1a" },
    { "refId": "FM0433", "id": "61ab94f468f7df34cf87ef20" },
    { "refId": "FM0434", "id": "61ab94f468f7df34cf87ef26" },
    { "refId": "FM0435", "id": "61ab94f568f7df34cf87ef2c" },
    { "refId": "FM0436", "id": "61ab94f668f7df34cf87ef32" },
    { "refId": "FM0437", "id": "61ab94f668f7df34cf87ef38" },
    { "refId": "FM0438", "id": "61ab94f768f7df34cf87ef3e" },
    { "refId": "FM0439", "id": "61ab94f868f7df34cf87ef44" },
    { "refId": "FM0440", "id": "61ab94f868f7df34cf87ef4a" },
    { "refId": "FM0441", "id": "61ab94f968f7df34cf87ef50" },
    { "refId": "FM0442", "id": "61ab94fa68f7df34cf87ef56" },
    { "refId": "FM0443", "id": "61ab94fb68f7df34cf87ef5c" },
    { "refId": "FM0444", "id": "61ab94fb68f7df34cf87ef62" },
    { "refId": "FM0445", "id": "61ab94fc68f7df34cf87ef68" },
    { "refId": "FM0446", "id": "61ab94fd68f7df34cf87ef6e" },
    { "refId": "FM0447", "id": "61ab94fd68f7df34cf87ef74" },
    { "refId": "FM0448", "id": "61ab94fe68f7df34cf87ef7a" },
    { "refId": "FM0449", "id": "61ab94ff68f7df34cf87ef80" },
    { "refId": "FM0450", "id": "61ab94ff68f7df34cf87ef86" },
    { "refId": "FM0451", "id": "61ab950068f7df34cf87ef8c" },
    { "refId": "FM0452", "id": "61ab950168f7df34cf87ef92" },
    { "refId": "FM0453", "id": "61ab950168f7df34cf87ef98" },
    { "refId": "FM0454", "id": "61ab950268f7df34cf87ef9e" },
    { "refId": "FM0455", "id": "61ab950368f7df34cf87efa4" },
    { "refId": "FM0456", "id": "61ab950368f7df34cf87efaa" },
    { "refId": "FM0457", "id": "61ab950468f7df34cf87efb0" },
    { "refId": "FM0458", "id": "61ab950568f7df34cf87efb6" },
    { "refId": "FM0459", "id": "61ab950568f7df34cf87efbc" },
    { "refId": "FM0460", "id": "61ab950668f7df34cf87efc2" },
    { "refId": "FM0461", "id": "61ab950768f7df34cf87efc8" },
    { "refId": "FM0462", "id": "61ab950768f7df34cf87efce" },
    { "refId": "FM0463", "id": "61ab950868f7df34cf87efd4" },
    { "refId": "FM0464", "id": "61ab950968f7df34cf87efda" },
    { "refId": "FM0465", "id": "61ab950a68f7df34cf87efe0" },
    { "refId": "FM0466", "id": "61ab950a68f7df34cf87efe6" },
    { "refId": "FM0467", "id": "61ab950b68f7df34cf87efec" },
    { "refId": "FM0468", "id": "61ab950c68f7df34cf87eff2" },
    { "refId": "FM0469", "id": "61ab950c68f7df34cf87eff8" },
    { "refId": "FM0470", "id": "61ab950d68f7df34cf87effe" },
    { "refId": "FM0471", "id": "61ab950e68f7df34cf87f004" },
    { "refId": "FM0472", "id": "61ab950e68f7df34cf87f00a" },
    { "refId": "FM0473", "id": "61ab950f68f7df34cf87f010" },
    { "refId": "FM0474", "id": "61ab951068f7df34cf87f016" },
    { "refId": "FM0475", "id": "61ab951068f7df34cf87f01c" },
    { "refId": "FM0476", "id": "61ab951168f7df34cf87f022" },
    { "refId": "FM0477", "id": "61ab951268f7df34cf87f028" },
    { "refId": "FM0478", "id": "61ab951368f7df34cf87f02e" },
    { "refId": "FM0479", "id": "61ab951468f7df34cf87f034" },
    { "refId": "FM0480", "id": "61ab951468f7df34cf87f03a" },
    { "refId": "FM0481", "id": "61ab951568f7df34cf87f040" },
    { "refId": "FM0482", "id": "61ab951668f7df34cf87f046" },
    { "refId": "FM0483", "id": "61ab951668f7df34cf87f04c" },
    { "refId": "FM0484", "id": "61ab951768f7df34cf87f052" },
    { "refId": "FM0485", "id": "61ab951868f7df34cf87f058" },
    { "refId": "FM0486", "id": "61ab951968f7df34cf87f05e" },
    { "refId": "FM0487", "id": "61ab951a68f7df34cf87f064" },
    { "refId": "FM0488", "id": "61ab951a68f7df34cf87f06a" },
    { "refId": "FM0489", "id": "61ab951b68f7df34cf87f070" },
    { "refId": "FM0490", "id": "61ab951c68f7df34cf87f076" },
    { "refId": "FM0491", "id": "61ab951c68f7df34cf87f07c" },
    { "refId": "FM0492", "id": "61ab951d68f7df34cf87f082" },
    { "refId": "FM0493", "id": "61ab951e68f7df34cf87f088" },
    { "refId": "FM0494", "id": "61ab951e68f7df34cf87f08e" },
    { "refId": "FM0495", "id": "61ab951f68f7df34cf87f094" },
    { "refId": "FM0497", "id": "61ab952068f7df34cf87f09a" },
    { "refId": "FM0498", "id": "61ab952068f7df34cf87f0a0" },
    { "refId": "FM0499", "id": "61ab952168f7df34cf87f0a6" },
    { "refId": "FM0500", "id": "61ab952268f7df34cf87f0ac" },
    { "refId": "FM0501", "id": "61ab952268f7df34cf87f0b2" },
    { "refId": "FM0502", "id": "61ab952368f7df34cf87f0b8" },
    { "refId": "FM0503", "id": "61ab952468f7df34cf87f0be" },
    { "refId": "FM0504", "id": "61ab952568f7df34cf87f0c4" },
    { "refId": "FM0505", "id": "61ab952568f7df34cf87f0ca" },
    { "refId": "FM0506", "id": "61ab952668f7df34cf87f0d0" },
    { "refId": "FM0507", "id": "61ab952768f7df34cf87f0d6" },
    { "refId": "FM0508", "id": "61ab952768f7df34cf87f0dc" },
    { "refId": "FM0509", "id": "61ab952868f7df34cf87f0e2" },
    { "refId": "FM0510", "id": "61ab952968f7df34cf87f0e8" },
    { "refId": "FM0511", "id": "61ab952a68f7df34cf87f0ee" },
    { "refId": "FM0512", "id": "61ab952b68f7df34cf87f0f4" },
    { "refId": "FM0514", "id": "61ab952b68f7df34cf87f0fa" },
    { "refId": "FM0515", "id": "61ab952c68f7df34cf87f100" },
    { "refId": "FM0516", "id": "61ab952d68f7df34cf87f106" },
    { "refId": "FM0517", "id": "61ab952d68f7df34cf87f10c" },
    { "refId": "FM0518", "id": "61ab952e68f7df34cf87f112" },
    { "refId": "FM0519", "id": "61ab952f68f7df34cf87f118" },
    { "refId": "FM0520", "id": "61ab952f68f7df34cf87f11e" },
    { "refId": "FM0521", "id": "61ab953068f7df34cf87f124" },
    { "refId": "FM0522", "id": "61ab953168f7df34cf87f12a" },
    { "refId": "FM0523", "id": "61ab953268f7df34cf87f130" },
    { "refId": "FM0524", "id": "61ab953268f7df34cf87f136" },
    { "refId": "FM0525", "id": "61ab953368f7df34cf87f13c" },
    { "refId": "FM0526", "id": "61ab953468f7df34cf87f142" },
    { "refId": "FM0527", "id": "61ab953568f7df34cf87f148" },
    { "refId": "FM0528", "id": "61ab953568f7df34cf87f14e" },
    { "refId": "FM0529", "id": "61ab953668f7df34cf87f154" },
    { "refId": "FM0530", "id": "61ab953768f7df34cf87f15a" },
    { "refId": "FM0531", "id": "61ab953768f7df34cf87f160" },
    { "refId": "FM0532", "id": "61ab953868f7df34cf87f166" },
    { "refId": "FM0533", "id": "61ab953968f7df34cf87f16c" },
    { "refId": "FM0534", "id": "61ab953a68f7df34cf87f172" },
    { "refId": "FM0535", "id": "61ab953a68f7df34cf87f178" },
    { "refId": "FM0536", "id": "61ab953b68f7df34cf87f17e" },
    { "refId": "FM0537", "id": "61ab953c68f7df34cf87f184" },
    { "refId": "FM0538", "id": "61ab953c68f7df34cf87f18a" },
    { "refId": "FM0540", "id": "61ab953d68f7df34cf87f190" },
    { "refId": "FM0541", "id": "61ab953e68f7df34cf87f196" },
    { "refId": "FM0542", "id": "61ab953e68f7df34cf87f19c" },
    { "refId": "FM0543", "id": "61ab953f68f7df34cf87f1a2" },
    { "refId": "FM0544", "id": "61ab954068f7df34cf87f1a8" },
    { "refId": "FM0545", "id": "61ab954168f7df34cf87f1ae" },
    { "refId": "FM0546", "id": "61ab954168f7df34cf87f1b4" },
    { "refId": "FM0547", "id": "61ab954268f7df34cf87f1ba" },
    { "refId": "FM0548", "id": "61ab954368f7df34cf87f1c0" },
    { "refId": "FM0549", "id": "61ab954468f7df34cf87f1c6" },
    { "refId": "FM0550", "id": "61ab954468f7df34cf87f1cc" },
    { "refId": "FM0552", "id": "61ab954568f7df34cf87f1d2" },
    { "refId": "FM0553", "id": "61ab954668f7df34cf87f1d8" },
    { "refId": "FM0554", "id": "61ab954768f7df34cf87f1de" },
    { "refId": "FM0555", "id": "61ab954768f7df34cf87f1e4" },
    { "refId": "FM0556", "id": "61ab954868f7df34cf87f1ea" },
    { "refId": "FM0557", "id": "61ab954968f7df34cf87f1f0" },
    { "refId": "FM0558", "id": "61ab954968f7df34cf87f1f6" },
    { "refId": "FM0559", "id": "61ab954a68f7df34cf87f1fc" },
    { "refId": "FM0560", "id": "61ab954b68f7df34cf87f202" },
    { "refId": "FM0561", "id": "61ab954c68f7df34cf87f208" },
    { "refId": "FM0562", "id": "61ab954c68f7df34cf87f20e" },
    { "refId": "FM0563", "id": "61ab954d68f7df34cf87f214" },
    { "refId": "FM0564", "id": "61ab954e68f7df34cf87f21a" },
    { "refId": "FM0565", "id": "61ab954e68f7df34cf87f220" },
    { "refId": "FM0566", "id": "61ab954f68f7df34cf87f226" },
    { "refId": "FM0567", "id": "61ab955068f7df34cf87f22c" },
    { "refId": "FM0569", "id": "61ab955068f7df34cf87f232" },
    { "refId": "FM0570", "id": "61ab955168f7df34cf87f238" },
    { "refId": "FM0571", "id": "61ab955268f7df34cf87f23e" },
    { "refId": "FM0572", "id": "61ab955368f7df34cf87f244" },
    { "refId": "FM0573", "id": "61ab955468f7df34cf87f24a" },
    { "refId": "FM0574", "id": "61ab955468f7df34cf87f250" },
    { "refId": "FM0575", "id": "61ab955568f7df34cf87f256" },
    { "refId": "FM0576", "id": "61ab955668f7df34cf87f25c" },
    { "refId": "FM0577", "id": "61ab955768f7df34cf87f262" },
    { "refId": "FM0578", "id": "61ab955868f7df34cf87f268" },
    { "refId": "FM0579", "id": "61ab955968f7df34cf87f26e" },
    { "refId": "FM0580", "id": "61ab955a68f7df34cf87f274" },
    { "refId": "FM0581", "id": "61ab955b68f7df34cf87f27a" },
    { "refId": "FM0582", "id": "61ab955c68f7df34cf87f280" },
    { "refId": "FM0583", "id": "61ab955d68f7df34cf87f286" },
    { "refId": "FM0584", "id": "61ab955d68f7df34cf87f28c" },
    { "refId": "FM0585", "id": "61ab955e68f7df34cf87f292" },
    { "refId": "FM0586", "id": "61ab955f68f7df34cf87f298" },
    { "refId": "FM0587", "id": "61ab955f68f7df34cf87f29e" },
    { "refId": "FM0588", "id": "61ab956068f7df34cf87f2a4" },
    { "refId": "FM0589", "id": "61ab956168f7df34cf87f2aa" },
    { "refId": "FM0590", "id": "61ab956268f7df34cf87f2b0" },
    { "refId": "FM0591", "id": "61ab956468f7df34cf87f2b6" },
    { "refId": "FM0592", "id": "61ab956468f7df34cf87f2bc" },
    { "refId": "FM0593", "id": "61ab956568f7df34cf87f2c2" },
    { "refId": "FM0594", "id": "61ab956668f7df34cf87f2c8" },
    { "refId": "FM0595", "id": "61ab956668f7df34cf87f2ce" },
    { "refId": "FM0596", "id": "61ab956768f7df34cf87f2d4" },
    { "refId": "FM0597", "id": "61ab956868f7df34cf87f2da" },
    { "refId": "FM0598", "id": "61ab956968f7df34cf87f2e0" },
    { "refId": "FM0599", "id": "61ab956a68f7df34cf87f2e6" },
    { "refId": "FM0602", "id": "61ab956a68f7df34cf87f2ec" },
    { "refId": "FM0604", "id": "61ab956b68f7df34cf87f2f2" },
    { "refId": "FM0605", "id": "61ab956c68f7df34cf87f2f8" },
    { "refId": "FM0606", "id": "61ab956d68f7df34cf87f2fe" },
    { "refId": "FM0607", "id": "61ab956d68f7df34cf87f304" },
    { "refId": "FM0608", "id": "61ab956e68f7df34cf87f30a" },
    { "refId": "FM0609", "id": "61ab956f68f7df34cf87f310" },
    { "refId": "FM0610", "id": "61ab957068f7df34cf87f316" },
    { "refId": "FM0611", "id": "61ab957168f7df34cf87f31c" },
    { "refId": "FM0612", "id": "61ab957268f7df34cf87f322" },
    { "refId": "FM0613", "id": "61ab957368f7df34cf87f328" },
    { "refId": "FM0614", "id": "61ab957468f7df34cf87f32e" },
    { "refId": "FM0615", "id": "61ab957468f7df34cf87f334" },
    { "refId": "FM0616", "id": "61ab957568f7df34cf87f33a" },
    { "refId": "FM0617", "id": "61ab957668f7df34cf87f340" },
    { "refId": "FM0618", "id": "61ab957668f7df34cf87f346" },
    { "refId": "FM0619", "id": "61ab957768f7df34cf87f34c" },
    { "refId": "FM0620", "id": "61ab957868f7df34cf87f352" },
    { "refId": "FM0621", "id": "61ab957968f7df34cf87f358" },
    { "refId": "FM0622", "id": "61ab957968f7df34cf87f35e" },
    { "refId": "FM0623", "id": "61ab957a68f7df34cf87f364" },
    { "refId": "FM0624", "id": "61ab957b68f7df34cf87f36a" },
    { "refId": "FM0625", "id": "61ab957c68f7df34cf87f370" },
    { "refId": "FM0627", "id": "61ab957c68f7df34cf87f376" },
    { "refId": "FM0628", "id": "61ab957d68f7df34cf87f37c" },
    { "refId": "FM0629", "id": "61ab957e68f7df34cf87f382" },
    { "refId": "FM0630", "id": "61ab957f68f7df34cf87f388" },
    { "refId": "FM0632", "id": "61ab958068f7df34cf87f38e" },
    { "refId": "FM0633", "id": "61ab958168f7df34cf87f394" },
    { "refId": "FM0634", "id": "61ab958268f7df34cf87f39a" },
    { "refId": "FM0635", "id": "61ab958268f7df34cf87f3a0" },
    { "refId": "FM0636", "id": "61ab958368f7df34cf87f3a6" },
    { "refId": "FM0638", "id": "61ab958468f7df34cf87f3ac" },
    { "refId": "FM0639", "id": "61ab958568f7df34cf87f3b2" },
    { "refId": "FM0640", "id": "61ab958668f7df34cf87f3b8" },
    { "refId": "FM0641", "id": "61ab958768f7df34cf87f3be" },
    { "refId": "FM0642", "id": "61ab958768f7df34cf87f3c4" },
    { "refId": "FM0643", "id": "61ab958868f7df34cf87f3ca" },
    { "refId": "FM0645", "id": "61ab958968f7df34cf87f3d0" },
    { "refId": "FM0646", "id": "61ab958968f7df34cf87f3d6" },
    { "refId": "FM0647", "id": "61ab958a68f7df34cf87f3dc" },
    { "refId": "FM0648", "id": "61ab958b68f7df34cf87f3e2" },
    { "refId": "FM0649", "id": "61ab958c68f7df34cf87f3e8" },
    { "refId": "FM0650", "id": "61ab958c68f7df34cf87f3ee" },
    { "refId": "FM0651", "id": "61ab958d68f7df34cf87f3f4" },
    { "refId": "FM0652", "id": "61ab958e68f7df34cf87f3fa" },
    { "refId": "FM0653", "id": "61ab958e68f7df34cf87f400" },
    { "refId": "FM0654", "id": "61ab958f68f7df34cf87f406" },
    { "refId": "FM0655", "id": "61ab959068f7df34cf87f40c" },
    { "refId": "FM0656", "id": "61ab959068f7df34cf87f412" },
    { "refId": "FM0657", "id": "61ab959168f7df34cf87f418" },
    { "refId": "FM0658", "id": "61ab959268f7df34cf87f41e" },
    { "refId": "FM0659", "id": "61ab959368f7df34cf87f424" },
    { "refId": "FM0660", "id": "61ab959368f7df34cf87f42a" },
    { "refId": "FM0661", "id": "61ab959468f7df34cf87f430" },
    { "refId": "FM0662", "id": "61ab959568f7df34cf87f436" },
    { "refId": "FM0663", "id": "61ab959668f7df34cf87f43c" },
    { "refId": "FM0664", "id": "61ab959668f7df34cf87f442" },
    { "refId": "FM0665", "id": "61ab959768f7df34cf87f448" },
    { "refId": "FM0666", "id": "61ab959868f7df34cf87f44e" },
    { "refId": "FM0668", "id": "61ab959868f7df34cf87f454" },
    { "refId": "FM0669", "id": "61ab959968f7df34cf87f45a" },
    { "refId": "FM0670", "id": "61ab959a68f7df34cf87f460" },
    { "refId": "FM0671", "id": "61ab959a68f7df34cf87f466" },
    { "refId": "FM0672", "id": "61ab959b68f7df34cf87f46c" },
    { "refId": "FM0673", "id": "61ab959c68f7df34cf87f472" },
    { "refId": "FM0674", "id": "61ab959d68f7df34cf87f478" },
    { "refId": "FM0675", "id": "61ab959d68f7df34cf87f47e" },
    { "refId": "FM0678", "id": "61ab959e68f7df34cf87f484" },
    { "refId": "FM0679", "id": "61ab959f68f7df34cf87f48a" },
    { "refId": "FM0680", "id": "61ab959f68f7df34cf87f490" },
    { "refId": "FM0681", "id": "61ab95a068f7df34cf87f496" },
    { "refId": "FM0682", "id": "61ab95a168f7df34cf87f49c" },
    { "refId": "FM0683", "id": "61ab95a268f7df34cf87f4a2" },
    { "refId": "FM0684", "id": "61ab95a268f7df34cf87f4a8" },
    { "refId": "FM0685", "id": "61ab95a368f7df34cf87f4ae" },
    { "refId": "FM0686", "id": "61ab95a468f7df34cf87f4b4" },
    { "refId": "FM0687", "id": "61ab95a568f7df34cf87f4ba" },
    { "refId": "FM0688", "id": "61ab95a568f7df34cf87f4c0" },
    { "refId": "FM0689", "id": "61ab95a668f7df34cf87f4c6" },
    { "refId": "FM0691", "id": "61ab95a768f7df34cf87f4cc" },
    { "refId": "FM0692", "id": "61ab95a868f7df34cf87f4d2" },
    { "refId": "FM0693", "id": "61ab95a968f7df34cf87f4d8" },
    { "refId": "FM0694", "id": "61ab95a968f7df34cf87f4de" },
    { "refId": "FM0695", "id": "61ab95aa68f7df34cf87f4e4" },
    { "refId": "FM0696", "id": "61ab95ab68f7df34cf87f4ea" },
    { "refId": "FM0697", "id": "61ab95ac68f7df34cf87f4f0" },
    { "refId": "FM0698", "id": "61ab95ac68f7df34cf87f4f6" },
    { "refId": "FM0699", "id": "61ab95ad68f7df34cf87f4fc" },
    { "refId": "FM0700", "id": "61ab95ae68f7df34cf87f502" },
    { "refId": "FM0701", "id": "61ab95af68f7df34cf87f508" },
    { "refId": "FM0702", "id": "61ab95af68f7df34cf87f50e" },
    { "refId": "FM0703", "id": "61ab95b068f7df34cf87f514" },
    { "refId": "FM0704", "id": "61ab95b168f7df34cf87f51a" },
    { "refId": "FM0705", "id": "61ab95b268f7df34cf87f520" },
    { "refId": "FM0706", "id": "61ab95b268f7df34cf87f526" },
    { "refId": "FM0707", "id": "61ab95b368f7df34cf87f52c" },
    { "refId": "FM0708", "id": "61ab95b468f7df34cf87f532" },
    { "refId": "FM0709", "id": "61ab95b568f7df34cf87f538" },
    { "refId": "FM0710", "id": "61ab95b668f7df34cf87f53e" },
    { "refId": "FM0711", "id": "61ab95b768f7df34cf87f544" },
    { "refId": "FM0712", "id": "61ab95b768f7df34cf87f54a" },
    { "refId": "FM0713", "id": "61ab95b868f7df34cf87f550" },
    { "refId": "FM0714", "id": "61ab95b968f7df34cf87f556" },
    { "refId": "FM0715", "id": "61ab95ba68f7df34cf87f55c" },
    { "refId": "FM0716", "id": "61ab95ba68f7df34cf87f562" },
    { "refId": "FM0717", "id": "61ab95bb68f7df34cf87f568" },
    { "refId": "FM0718", "id": "61ab95bc68f7df34cf87f56e" },
    { "refId": "FM0719", "id": "61ab95bd68f7df34cf87f574" },
    { "refId": "FM0720", "id": "61ab95bd68f7df34cf87f57a" },
    { "refId": "FM0721", "id": "61ab95be68f7df34cf87f580" },
    { "refId": "FM0722", "id": "61ab95bf68f7df34cf87f586" },
    { "refId": "FM0723", "id": "61ab95c068f7df34cf87f58c" },
    { "refId": "FM0724", "id": "61ab95c068f7df34cf87f592" },
    { "refId": "FM0725", "id": "61ab95c168f7df34cf87f598" },
    { "refId": "FM0726", "id": "61ab95c268f7df34cf87f59e" },
    { "refId": "FM0727", "id": "61ab95c268f7df34cf87f5a4" },
    { "refId": "FM0728", "id": "61ab95c368f7df34cf87f5aa" },
    { "refId": "FM0729", "id": "61ab95c468f7df34cf87f5b0" },
    { "refId": "FM0730", "id": "61ab95c568f7df34cf87f5b6" },
    { "refId": "FM0731", "id": "61ab95c568f7df34cf87f5bc" },
    { "refId": "FM0732", "id": "61ab95c668f7df34cf87f5c2" },
    { "refId": "FM0733", "id": "61ab95c768f7df34cf87f5c8" },
    { "refId": "FM0734", "id": "61ab95c868f7df34cf87f5ce" },
    { "refId": "FM0735", "id": "61ab95c868f7df34cf87f5d4" },
    { "refId": "FM0737", "id": "61ab95c968f7df34cf87f5da" },
    { "refId": "FM0739", "id": "61ab95ca68f7df34cf87f5e0" },
    { "refId": "FM0740", "id": "61ab95cb68f7df34cf87f5e6" },
    { "refId": "FM0741", "id": "61ab95cb68f7df34cf87f5ec" },
    { "refId": "FM0742", "id": "61ab95cc68f7df34cf87f5f2" },
    { "refId": "FM0743", "id": "61ab95cd68f7df34cf87f5f8" },
    { "refId": "FM0744", "id": "61ab95cd68f7df34cf87f5fe" },
    { "refId": "FM0745", "id": "61ab95ce68f7df34cf87f604" },
    { "refId": "FM0746", "id": "61ab95cf68f7df34cf87f60a" },
    { "refId": "FM0747", "id": "61ab95d068f7df34cf87f610" },
    { "refId": "FM0748", "id": "61ab95d068f7df34cf87f616" },
    { "refId": "FM0749", "id": "61ab95d168f7df34cf87f61c" },
    { "refId": "FM0750", "id": "61ab95d268f7df34cf87f622" },
    { "refId": "FM0751", "id": "61ab95d368f7df34cf87f628" },
    { "refId": "FM0752", "id": "61ab95d368f7df34cf87f62e" },
    { "refId": "FM0753", "id": "61ab95d468f7df34cf87f634" },
    { "refId": "FM0754", "id": "61ab95d568f7df34cf87f63a" },
    { "refId": "FM0755", "id": "61ab95d668f7df34cf87f640" },
    { "refId": "FM0756", "id": "61ab95d668f7df34cf87f646" },
    { "refId": "FM0757", "id": "61ab95d768f7df34cf87f64c" },
    { "refId": "FM0759", "id": "61ab95d868f7df34cf87f652" },
    { "refId": "FM0760", "id": "61ab95d868f7df34cf87f658" },
    { "refId": "FM0762", "id": "61ab95d968f7df34cf87f65e" },
    { "refId": "FM0763", "id": "61ab95da68f7df34cf87f664" },
    { "refId": "FM0764", "id": "61ab95db68f7df34cf87f66a" },
    { "refId": "FM0765", "id": "61ab95dc68f7df34cf87f670" },
    { "refId": "FM0766", "id": "61ab95dd68f7df34cf87f676" },
    { "refId": "FM0767", "id": "61ab95de68f7df34cf87f67c" },
    { "refId": "FM0768", "id": "61ab95de68f7df34cf87f682" },
    { "refId": "FM0769", "id": "61ab95df68f7df34cf87f688" },
    { "refId": "FM0770", "id": "61ab95e068f7df34cf87f68e" },
    { "refId": "FM0771", "id": "61ab95e168f7df34cf87f694" },
    { "refId": "FM0772", "id": "61ab95e168f7df34cf87f69a" },
    { "refId": "FM0773", "id": "61ab95e268f7df34cf87f6a0" },
    { "refId": "FM0774", "id": "61ab95e368f7df34cf87f6a6" },
    { "refId": "FM0775", "id": "61ab95e368f7df34cf87f6ac" },
    { "refId": "FM0776", "id": "61ab95e468f7df34cf87f6b2" },
    { "refId": "FM0777", "id": "61ab95e568f7df34cf87f6b8" },
    { "refId": "FM0778", "id": "61ab95e668f7df34cf87f6be" },
    { "refId": "FM0779", "id": "61ab95e768f7df34cf87f6c4" },
    { "refId": "FM0780", "id": "61ab95e768f7df34cf87f6ca" },
    { "refId": "FM0781", "id": "61ab95e868f7df34cf87f6d0" },
    { "refId": "FM0782", "id": "61ab95e968f7df34cf87f6d6" },
    { "refId": "FM0783", "id": "61ab95e968f7df34cf87f6dc" },
    { "refId": "FM0784", "id": "61ab95eb68f7df34cf87f6e2" },
    { "refId": "FM0785", "id": "61ab95ec68f7df34cf87f6e8" },
    { "refId": "FM0786", "id": "61ab95ec68f7df34cf87f6ee" },
    { "refId": "FM0787", "id": "61ab95ed68f7df34cf87f6f4" },
    { "refId": "FM0788", "id": "61ab95ee68f7df34cf87f6fa" },
    { "refId": "FM0789", "id": "61ab95ef68f7df34cf87f700" },
    { "refId": "FM0790", "id": "61ab95ef68f7df34cf87f706" },
    { "refId": "FM0791", "id": "61ab95f068f7df34cf87f70c" },
    { "refId": "FM0792", "id": "61ab95f168f7df34cf87f712" },
    { "refId": "FM0793", "id": "61ab95f268f7df34cf87f718" },
    { "refId": "FM0794", "id": "61ab95f368f7df34cf87f71e" },
    { "refId": "FM0795", "id": "61ab95f468f7df34cf87f724" },
    { "refId": "FM0796", "id": "61ab95f568f7df34cf87f72a" },
    { "refId": "FM0797", "id": "61ab95f668f7df34cf87f730" },
    { "refId": "FM0798", "id": "61ab95f768f7df34cf87f736" },
    { "refId": "FM0799", "id": "61ab95f868f7df34cf87f73c" },
    { "refId": "FM0800", "id": "61ab95f968f7df34cf87f742" },
    { "refId": "FM0804", "id": "61ab95fa68f7df34cf87f748" },
    { "refId": "FM0805", "id": "61ab95fb68f7df34cf87f74e" },
    { "refId": "FM0806", "id": "61ab95fc68f7df34cf87f754" },
    { "refId": "FM0807", "id": "61ab95fc68f7df34cf87f75a" },
    { "refId": "FM0808", "id": "61ab95fd68f7df34cf87f760" },
    { "refId": "FM0809", "id": "61ab95fe68f7df34cf87f766" },
    { "refId": "FM0810", "id": "61ab95ff68f7df34cf87f76c" },
    { "refId": "FM0811", "id": "61ab960068f7df34cf87f772" },
    { "refId": "FM0812", "id": "61ab960068f7df34cf87f778" },
    { "refId": "FM0813", "id": "61ab960168f7df34cf87f77e" },
    { "refId": "FM0814", "id": "61ab960268f7df34cf87f784" },
    { "refId": "FM0815", "id": "61ab960268f7df34cf87f78a" },
    { "refId": "FM0816", "id": "61ab960368f7df34cf87f790" },
    { "refId": "FM0817", "id": "61ab960468f7df34cf87f796" },
    { "refId": "FM0818", "id": "61ab960568f7df34cf87f79c" },
    { "refId": "FM0820", "id": "61ab960668f7df34cf87f7a2" },
    { "refId": "FM0821", "id": "61ab960668f7df34cf87f7a8" },
    { "refId": "FM0823", "id": "61ab960768f7df34cf87f7ae" },
    { "refId": "FM0824", "id": "61ab960868f7df34cf87f7b4" },
    { "refId": "FM0825", "id": "61ab960968f7df34cf87f7ba" },
    { "refId": "FM0826", "id": "61ab960968f7df34cf87f7c0" },
    { "refId": "FM0827", "id": "61ab960a68f7df34cf87f7c6" },
    { "refId": "FM0828", "id": "61ab960b68f7df34cf87f7cc" },
    { "refId": "FM0829", "id": "61ab960c68f7df34cf87f7d2" },
    { "refId": "FM0830", "id": "61ab960c68f7df34cf87f7d8" },
    { "refId": "FM0831", "id": "61ab960d68f7df34cf87f7de" },
    { "refId": "FM0832", "id": "61ab960e68f7df34cf87f7e4" },
    { "refId": "FM0833", "id": "61ab960e68f7df34cf87f7ea" },
    { "refId": "FM0834", "id": "61ab960f68f7df34cf87f7f0" },
    { "refId": "FM0835", "id": "61ab961068f7df34cf87f7f6" },
    { "refId": "FM0836", "id": "61ab961168f7df34cf87f7fc" },
    { "refId": "FM0838", "id": "61ab961268f7df34cf87f802" },
    { "refId": "FM0839", "id": "61ab961268f7df34cf87f808" },
    { "refId": "FM0840", "id": "61ab961368f7df34cf87f80e" },
    { "refId": "FM0841", "id": "61ab961468f7df34cf87f814" },
    { "refId": "FM0843", "id": "61ab961568f7df34cf87f81a" },
    { "refId": "FM0844", "id": "61ab961668f7df34cf87f820" },
    { "refId": "FM0845", "id": "61ab961768f7df34cf87f826" },
    { "refId": "FM0846", "id": "61ab961768f7df34cf87f82c" },
    { "refId": "FM0847", "id": "61ab961868f7df34cf87f832" },
    { "refId": "FM0848", "id": "61ab961968f7df34cf87f838" },
    { "refId": "FM0849", "id": "61ab961968f7df34cf87f83e" },
    { "refId": "FM0850", "id": "61ab961a68f7df34cf87f844" },
    { "refId": "FM0851", "id": "61ab961b68f7df34cf87f84a" },
    { "refId": "FM0853", "id": "61ab961b68f7df34cf87f850" },
    { "refId": "FM0854", "id": "61ab961c68f7df34cf87f856" },
    { "refId": "FM0855", "id": "61ab961d68f7df34cf87f85c" },
    { "refId": "FM0856", "id": "61ab961e68f7df34cf87f862" },
    { "refId": "FM0857", "id": "61ab961e68f7df34cf87f868" },
    { "refId": "FM0858", "id": "61ab961f68f7df34cf87f86e" },
    { "refId": "FM0859", "id": "61ab962068f7df34cf87f874" },
    { "refId": "FM0860", "id": "61ab962068f7df34cf87f87a" },
    { "refId": "FM0861", "id": "61ab962168f7df34cf87f880" },
    { "refId": "FM0862", "id": "61ab962268f7df34cf87f886" },
    { "refId": "FM0863", "id": "61ab962268f7df34cf87f88c" },
    { "refId": "FM0864", "id": "61ab962368f7df34cf87f892" },
    { "refId": "FM0865", "id": "61ab962468f7df34cf87f898" },
    { "refId": "FM0866", "id": "61ab962568f7df34cf87f89e" },
    { "refId": "FM0867", "id": "61ab962568f7df34cf87f8a4" },
    { "refId": "FM0868", "id": "61ab962668f7df34cf87f8aa" },
    { "refId": "FM0869", "id": "61ab962768f7df34cf87f8b0" },
    { "refId": "FM0870", "id": "61ab962868f7df34cf87f8b6" },
    { "refId": "FM0871", "id": "61ab962968f7df34cf87f8bc" },
    { "refId": "FM0872", "id": "61ab962968f7df34cf87f8c2" },
    { "refId": "FM0873", "id": "61ab962a68f7df34cf87f8c8" },
    { "refId": "FM0874", "id": "61ab962b68f7df34cf87f8ce" },
    { "refId": "FM0875", "id": "61ab962c68f7df34cf87f8d4" },
    { "refId": "FM0876", "id": "61ab962d68f7df34cf87f8da" },
    { "refId": "FM0877", "id": "61ab962e68f7df34cf87f8e0" },
    { "refId": "FM0878", "id": "61ab962e68f7df34cf87f8e6" },
    { "refId": "FM0879", "id": "61ab962f68f7df34cf87f8ec" },
    { "refId": "FM0880", "id": "61ab963068f7df34cf87f8f2" },
    { "refId": "FM0881", "id": "61ab963168f7df34cf87f8f8" },
    { "refId": "FM0882", "id": "61ab963268f7df34cf87f8fe" },
    { "refId": "FM0883", "id": "61ab963368f7df34cf87f904" },
    { "refId": "FM0884", "id": "61ab963468f7df34cf87f90a" },
    { "refId": "FM0885", "id": "61ab963568f7df34cf87f910" },
    { "refId": "FM0886", "id": "61ab963668f7df34cf87f916" },
    { "refId": "FM0887", "id": "61ab963768f7df34cf87f91c" },
    { "refId": "FM0888", "id": "61ab963868f7df34cf87f922" },
    { "refId": "FM0889", "id": "61ab963968f7df34cf87f928" },
    { "refId": "FM0890", "id": "61ab963a68f7df34cf87f92e" },
    { "refId": "FM0892", "id": "61ab963b68f7df34cf87f934" },
    { "refId": "FM0893", "id": "61ab963c68f7df34cf87f93a" },
    { "refId": "FM0894", "id": "61ab963d68f7df34cf87f940" },
    { "refId": "FM0895", "id": "61ab963e68f7df34cf87f946" },
    { "refId": "FM0896", "id": "61ab963f68f7df34cf87f94c" },
    { "refId": "FM0897", "id": "61ab964068f7df34cf87f952" },
    { "refId": "FM0898", "id": "61ab964068f7df34cf87f958" },
    { "refId": "FM0899", "id": "61ab964168f7df34cf87f95e" },
    { "refId": "FM0900", "id": "61ab964268f7df34cf87f964" },
    { "refId": "FM0901", "id": "61ab964368f7df34cf87f96a" },
    { "refId": "FM0902", "id": "61ab964368f7df34cf87f970" },
    { "refId": "FM0903", "id": "61ab964468f7df34cf87f976" },
    { "refId": "FM0904", "id": "61ab964568f7df34cf87f97c" },
    { "refId": "FM0905", "id": "61ab964668f7df34cf87f982" },
    { "refId": "FM0906", "id": "61ab964768f7df34cf87f988" },
    { "refId": "FM0907", "id": "61ab964768f7df34cf87f98e" },
    { "refId": "FM0908", "id": "61ab964868f7df34cf87f994" },
    { "refId": "FM0909", "id": "61ab964968f7df34cf87f99a" },
    { "refId": "FM0910", "id": "61ab964968f7df34cf87f9a0" },
    { "refId": "FM0911", "id": "61ab964a68f7df34cf87f9a6" },
    { "refId": "FM0912", "id": "61ab964b68f7df34cf87f9ac" },
    { "refId": "FM0913", "id": "61ab964b68f7df34cf87f9b2" },
    { "refId": "FM0914", "id": "61ab964c68f7df34cf87f9b8" },
    { "refId": "FM0915", "id": "61ab964d68f7df34cf87f9be" },
    { "refId": "FM0916", "id": "61ab964d68f7df34cf87f9c4" },
    { "refId": "FM0917", "id": "61ab964e68f7df34cf87f9ca" },
    { "refId": "FM0918", "id": "61ab964f68f7df34cf87f9d0" },
    { "refId": "FM0920", "id": "61ab964f68f7df34cf87f9d6" },
    { "refId": "FM0921", "id": "61ab965068f7df34cf87f9dc" },
    { "refId": "FM0922", "id": "61ab965168f7df34cf87f9e2" },
    { "refId": "FM0923", "id": "61ab965168f7df34cf87f9e8" },
    { "refId": "FM0924", "id": "61ab965268f7df34cf87f9ee" },
    { "refId": "FM0925", "id": "61ab965368f7df34cf87f9f4" },
    { "refId": "FM0926", "id": "61ab965468f7df34cf87f9fa" },
    { "refId": "FM0927", "id": "61ab965568f7df34cf87fa00" },
    { "refId": "FM0928", "id": "61ab965568f7df34cf87fa06" },
    { "refId": "FM0929", "id": "61ab965668f7df34cf87fa0c" },
    { "refId": "FM0930", "id": "61ab965768f7df34cf87fa12" },
    { "refId": "FM0931", "id": "61ab965768f7df34cf87fa18" },
    { "refId": "FM0932", "id": "61ab965868f7df34cf87fa1e" },
    { "refId": "FM0933", "id": "61ab965968f7df34cf87fa24" },
    { "refId": "FM0934", "id": "61ab965a68f7df34cf87fa2a" },
    { "refId": "FM0935", "id": "61ab965a68f7df34cf87fa30" },
    { "refId": "FM0936", "id": "61ab965b68f7df34cf87fa36" },
    { "refId": "FM0937", "id": "61ab965c68f7df34cf87fa3c" },
    { "refId": "FM0938", "id": "61ab965c68f7df34cf87fa42" },
    { "refId": "FM0939", "id": "61ab965d68f7df34cf87fa48" },
    { "refId": "FM0940", "id": "61ab965e68f7df34cf87fa4e" },
    { "refId": "FM0941", "id": "61ab965f68f7df34cf87fa54" },
    { "refId": "FM0942", "id": "61ab965f68f7df34cf87fa5a" },
    { "refId": "FM0943", "id": "61ab966068f7df34cf87fa60" },
    { "refId": "FM0944", "id": "61ab966168f7df34cf87fa66" },
    { "refId": "FM0945", "id": "61ab966268f7df34cf87fa6c" },
    { "refId": "FM0946", "id": "61ab966268f7df34cf87fa72" },
    { "refId": "FM0947", "id": "61ab966368f7df34cf87fa78" },
    { "refId": "FM0948", "id": "61ab966468f7df34cf87fa7e" },
    { "refId": "FM0949", "id": "61ab966568f7df34cf87fa84" },
    { "refId": "FM0950", "id": "61ab966568f7df34cf87fa8a" },
    { "refId": "FM0951", "id": "61ab966668f7df34cf87fa90" },
    { "refId": "FM0952", "id": "61ab966768f7df34cf87fa96" },
    { "refId": "FM0953", "id": "61ab966868f7df34cf87fa9c" },
    { "refId": "FM0954", "id": "61ab966968f7df34cf87faa2" },
    { "refId": "FM0955", "id": "61ab966a68f7df34cf87faa8" },
    { "refId": "FM0956", "id": "61ab966b68f7df34cf87faae" },
    { "refId": "FM0957", "id": "61ab966c68f7df34cf87fab4" },
    { "refId": "FM0958", "id": "61ab966d68f7df34cf87faba" },
    { "refId": "FM0959", "id": "61ab966e68f7df34cf87fac0" },
    { "refId": "FM0960", "id": "61ab966f68f7df34cf87fac6" },
    { "refId": "FM0961", "id": "61ab967168f7df34cf87facc" },
    { "refId": "FM0962", "id": "61ab967268f7df34cf87fad2" },
    { "refId": "FM0963", "id": "61ab967368f7df34cf87fad8" },
    { "refId": "FM0964", "id": "61ab967468f7df34cf87fade" },
    { "refId": "FM0965", "id": "61ab967468f7df34cf87fae4" },
    { "refId": "FM0966", "id": "61ab967568f7df34cf87faea" },
    { "refId": "FM0967", "id": "61ab967668f7df34cf87faf0" },
    { "refId": "FM0968", "id": "61ab967668f7df34cf87faf6" },
    { "refId": "FM0969", "id": "61ab967768f7df34cf87fafc" },
    { "refId": "FM0970", "id": "61ab967868f7df34cf87fb02" },
    { "refId": "FM0971", "id": "61ab967968f7df34cf87fb08" },
    { "refId": "FM0972", "id": "61ab967a68f7df34cf87fb0e" },
    { "refId": "FM0973", "id": "61ab967a68f7df34cf87fb14" },
    { "refId": "FM0974", "id": "61ab967b68f7df34cf87fb1a" },
    { "refId": "FM0975", "id": "61ab967c68f7df34cf87fb20" },
    { "refId": "FM0976", "id": "61ab967d68f7df34cf87fb26" },
    { "refId": "FM0977", "id": "61ab967d68f7df34cf87fb2c" },
    { "refId": "FM0978", "id": "61ab967e68f7df34cf87fb32" },
    { "refId": "FM0980", "id": "61ab967f68f7df34cf87fb38" },
    { "refId": "FM0981", "id": "61ab967f68f7df34cf87fb3e" },
    { "refId": "FM0982", "id": "61ab968068f7df34cf87fb44" },
    { "refId": "FM0983", "id": "61ab968168f7df34cf87fb4a" },
    { "refId": "FM0984", "id": "61ab968168f7df34cf87fb50" },
    { "refId": "FM0986", "id": "61ab968268f7df34cf87fb56" },
    { "refId": "FM0987", "id": "61ab968368f7df34cf87fb5c" },
    { "refId": "FM0988", "id": "61ab968468f7df34cf87fb62" },
    { "refId": "FM0989", "id": "61ab968468f7df34cf87fb68" },
    { "refId": "FM0990", "id": "61ab968568f7df34cf87fb6e" },
    { "refId": "FM0991", "id": "61ab968668f7df34cf87fb74" },
    { "refId": "FM0992", "id": "61ab968768f7df34cf87fb7a" },
    { "refId": "FM0993", "id": "61ab968868f7df34cf87fb80" },
    { "refId": "FM0994", "id": "61ab968868f7df34cf87fb86" },
    { "refId": "FM0996", "id": "61ab968968f7df34cf87fb8c" },
    { "refId": "FM0997", "id": "61ab968a68f7df34cf87fb92" },
    { "refId": "FM0998", "id": "61ab968a68f7df34cf87fb98" },
    { "refId": "FM1001", "id": "61ab968c68f7df34cf87fb9e" },
    { "refId": "FM1002", "id": "61ab968c68f7df34cf87fba4" },
    { "refId": "FM1003", "id": "61ab968d68f7df34cf87fbaa" },
    { "refId": "FM1004", "id": "61ab968e68f7df34cf87fbb0" },
    { "refId": "FM1005", "id": "61ab968e68f7df34cf87fbb6" },
    { "refId": "FM1006", "id": "61ab968f68f7df34cf87fbbc" },
    { "refId": "FM1007", "id": "61ab969068f7df34cf87fbc2" },
    { "refId": "FM1008", "id": "61ab969068f7df34cf87fbc8" },
    { "refId": "FM1009", "id": "61ab969168f7df34cf87fbce" },
    { "refId": "FM1010", "id": "61ab969268f7df34cf87fbd4" },
    { "refId": "FM1011", "id": "61ab969268f7df34cf87fbda" },
    { "refId": "FM1012", "id": "61ab969368f7df34cf87fbe0" },
    { "refId": "FM1013", "id": "61ab969468f7df34cf87fbe6" },
    { "refId": "FM1014", "id": "61ab969568f7df34cf87fbec" },
    { "refId": "FM1015", "id": "61ab969568f7df34cf87fbf2" },
    { "refId": "FM1016", "id": "61ab969668f7df34cf87fbf8" },
    { "refId": "FM1017", "id": "61ab969768f7df34cf87fbfe" },
    { "refId": "FM1018", "id": "61ab969768f7df34cf87fc04" },
    { "refId": "FM1019", "id": "61ab969868f7df34cf87fc0a" },
    { "refId": "FM1020", "id": "61ab969968f7df34cf87fc10" },
    { "refId": "FM1021", "id": "61ab969a68f7df34cf87fc16" },
    { "refId": "FM1022", "id": "61ab969a68f7df34cf87fc1c" },
    { "refId": "FM1023", "id": "61ab969b68f7df34cf87fc22" },
    { "refId": "FM1024", "id": "61ab969c68f7df34cf87fc28" },
    { "refId": "FM1025", "id": "61ab969d68f7df34cf87fc2e" },
    { "refId": "FM1027", "id": "61ab969e68f7df34cf87fc34" },
    { "refId": "FM1028", "id": "61ab969f68f7df34cf87fc3a" },
    { "refId": "FM1029", "id": "61ab96a068f7df34cf87fc40" },
    { "refId": "FM1030", "id": "61ab96a168f7df34cf87fc46" },
    { "refId": "FM1031", "id": "61ab96a268f7df34cf87fc4c" },
    { "refId": "FM1032", "id": "61ab96a368f7df34cf87fc52" },
    { "refId": "FM1033", "id": "61ab96a468f7df34cf87fc58" },
    { "refId": "FM1034", "id": "61ab96a468f7df34cf87fc5e" },
    { "refId": "FM1035", "id": "61ab96a668f7df34cf87fc64" },
    { "refId": "FM1036", "id": "61ab96a768f7df34cf87fc6a" },
    { "refId": "FM1037", "id": "61ab96a868f7df34cf87fc70" },
    { "refId": "FM1038", "id": "61ab96a968f7df34cf87fc76" },
    { "refId": "FM1039", "id": "61ab96aa68f7df34cf87fc7c" },
    { "refId": "FM1040", "id": "61ab96aa68f7df34cf87fc82" },
    { "refId": "FM1041", "id": "61ab96ab68f7df34cf87fc88" },
    { "refId": "FM1042", "id": "61ab96ac68f7df34cf87fc8e" },
    { "refId": "FM1043", "id": "61ab96ad68f7df34cf87fc94" },
    { "refId": "FM1044", "id": "61ab96ae68f7df34cf87fc9a" },
    { "refId": "FM1045", "id": "61ab96ae68f7df34cf87fca0" },
    { "refId": "FM1046", "id": "61ab96af68f7df34cf87fca6" },
    { "refId": "FM1047", "id": "61ab96b068f7df34cf87fcac" },
    { "refId": "FM1048", "id": "61ab96b168f7df34cf87fcb2" },
    { "refId": "FM1049", "id": "61ab96b168f7df34cf87fcb8" },
    { "refId": "FM1050", "id": "61ab96b368f7df34cf87fcbe" },
    { "refId": "FM1051", "id": "61ab96b368f7df34cf87fcc4" },
    { "refId": "FM1052", "id": "61ab96b468f7df34cf87fcca" },
    { "refId": "FM1053", "id": "61ab96b568f7df34cf87fcd0" },
    { "refId": "FM1054", "id": "61ab96b668f7df34cf87fcd6" },
    { "refId": "FM1055", "id": "61ab96b668f7df34cf87fcdc" },
    { "refId": "FM1056", "id": "61ab96b768f7df34cf87fce2" },
    { "refId": "FM1057", "id": "61ab96b868f7df34cf87fce8" },
    { "refId": "FM1059", "id": "61ab96b968f7df34cf87fcee" },
    { "refId": "FM1060", "id": "61ab96b968f7df34cf87fcf4" },
    { "refId": "FM1061", "id": "61ab96ba68f7df34cf87fcfa" },
    { "refId": "FM1062", "id": "61ab96bb68f7df34cf87fd00" },
    { "refId": "FM1063", "id": "61ab96bb68f7df34cf87fd06" },
    { "refId": "FM1064", "id": "61ab96bd68f7df34cf87fd0c" },
    { "refId": "FM1065", "id": "61ab96bd68f7df34cf87fd12" },
    { "refId": "FM1066", "id": "61ab96be68f7df34cf87fd18" },
    { "refId": "FM1067", "id": "61ab96bf68f7df34cf87fd1e" },
    { "refId": "FM1068", "id": "61ab96c068f7df34cf87fd24" },
    { "refId": "FM1069", "id": "61ab96c068f7df34cf87fd2a" },
    { "refId": "FM1070", "id": "61ab96c268f7df34cf87fd30" },
    { "refId": "FM1071", "id": "61ab96c368f7df34cf87fd36" },
    { "refId": "FM1072", "id": "61ab96c368f7df34cf87fd3c" },
    { "refId": "FM1073", "id": "61ab96c468f7df34cf87fd42" },
    { "refId": "FM1074", "id": "61ab96c668f7df34cf87fd48" },
    { "refId": "FM1075", "id": "61ab96c668f7df34cf87fd4e" },
    { "refId": "FM1076", "id": "61ab96c768f7df34cf87fd54" },
    { "refId": "FM1077", "id": "61ab96c868f7df34cf87fd5a" },
    { "refId": "FM1078", "id": "61ab96c968f7df34cf87fd60" },
    { "refId": "FM1079", "id": "61ab96ca68f7df34cf87fd66" },
    { "refId": "FM1080", "id": "61ab96cb68f7df34cf87fd6c" },
    { "refId": "FM1081", "id": "61ab96cd68f7df34cf87fd72" },
    { "refId": "FM1082", "id": "61ab96ce68f7df34cf87fd78" },
    { "refId": "FM1083", "id": "61ab96cf68f7df34cf87fd7e" },
    { "refId": "FM1084", "id": "61ab96d168f7df34cf87fd84" },
    { "refId": "FM1085", "id": "61ab96d268f7df34cf87fd8a" },
    { "refId": "FM1086", "id": "61ab96d368f7df34cf87fd90" },
    { "refId": "FM1087", "id": "61ab96d568f7df34cf87fd96" },
    { "refId": "FM1088", "id": "61ab96d668f7df34cf87fd9c" },
    { "refId": "FM1089", "id": "61ab96d668f7df34cf87fda2" },
    { "refId": "FM1090", "id": "61ab96d768f7df34cf87fda8" },
    { "refId": "FM1091", "id": "61ab96d868f7df34cf87fdae" },
    { "refId": "FM1092", "id": "61ab96d868f7df34cf87fdb4" },
    { "refId": "FM1093", "id": "61ab96d968f7df34cf87fdba" },
    { "refId": "FM1094", "id": "61ab96da68f7df34cf87fdc0" },
    { "refId": "FM1095", "id": "61ab96db68f7df34cf87fdc6" },
    { "refId": "FM1096", "id": "61ab96db68f7df34cf87fdcc" },
    { "refId": "FM1097", "id": "61ab96dc68f7df34cf87fdd2" },
    { "refId": "FM1098", "id": "61ab96dd68f7df34cf87fdd8" },
    { "refId": "FM1099", "id": "61ab96de68f7df34cf87fdde" },
    { "refId": "FM1100", "id": "61ab96de68f7df34cf87fde4" },
    { "refId": "FM1101", "id": "61ab96df68f7df34cf87fdea" },
    { "refId": "FM1102", "id": "61ab96e068f7df34cf87fdf0" },
    { "refId": "FM1103", "id": "61ab96e068f7df34cf87fdf6" },
    { "refId": "FM1104", "id": "61ab96e168f7df34cf87fdfc" },
    { "refId": "FM1105", "id": "61ab96e268f7df34cf87fe02" },
    { "refId": "FM1106", "id": "61ab96e368f7df34cf87fe08" },
    { "refId": "FM1107", "id": "61ab96e468f7df34cf87fe0e" },
    { "refId": "FM1108", "id": "61ab96e468f7df34cf87fe14" },
    { "refId": "FM1109", "id": "61ab96e568f7df34cf87fe1a" },
    { "refId": "FM1110", "id": "61ab96e668f7df34cf87fe20" },
    { "refId": "FM1111", "id": "61ab96e768f7df34cf87fe26" },
    { "refId": "FM1112", "id": "61ab96e768f7df34cf87fe2c" },
    { "refId": "FM1113", "id": "61ab96e868f7df34cf87fe32" },
    { "refId": "FM1114", "id": "61ab96e968f7df34cf87fe38" },
    { "refId": "FM1115", "id": "61ab96ea68f7df34cf87fe3e" },
    { "refId": "FM1116", "id": "61ab96eb68f7df34cf87fe44" },
    { "refId": "FM1117", "id": "61ab96eb68f7df34cf87fe4a" },
    { "refId": "FM1118", "id": "61ab96ec68f7df34cf87fe50" },
    { "refId": "FM1119", "id": "61ab96ed68f7df34cf87fe56" },
    { "refId": "FM1120", "id": "61ab96ee68f7df34cf87fe5c" },
    { "refId": "FM1121", "id": "61ab96ee68f7df34cf87fe62" },
    { "refId": "FM1122", "id": "61ab96ef68f7df34cf87fe68" },
    { "refId": "FM1123", "id": "61ab96f068f7df34cf87fe6e" },
    { "refId": "FM1124", "id": "61ab96f168f7df34cf87fe74" },
    { "refId": "FM1125", "id": "61ab96f168f7df34cf87fe7a" },
    { "refId": "FM1126", "id": "61ab96f268f7df34cf87fe80" },
    { "refId": "FM1127", "id": "61ab96f368f7df34cf87fe86" },
    { "refId": "FM1128", "id": "61ab96f468f7df34cf87fe8c" },
    { "refId": "FM1129", "id": "61ab96f468f7df34cf87fe92" },
    { "refId": "FM1130", "id": "61ab96f568f7df34cf87fe98" },
    { "refId": "FM1131", "id": "61ab96f668f7df34cf87fe9e" },
    { "refId": "FM1132", "id": "61ab96f768f7df34cf87fea4" },
    { "refId": "FM1133", "id": "61ab96f868f7df34cf87feaa" },
    { "refId": "FM1134", "id": "61ab96f968f7df34cf87feb0" },
    { "refId": "FM1135", "id": "61ab96f968f7df34cf87feb6" },
    { "refId": "FM1136", "id": "61ab96fa68f7df34cf87febc" },
    { "refId": "FM1137", "id": "61ab96fb68f7df34cf87fec2" },
    { "refId": "FM1138", "id": "61ab96fb68f7df34cf87fec8" },
    { "refId": "FM1140", "id": "61ab96fc68f7df34cf87fece" },
    { "refId": "FM1141", "id": "61ab96fd68f7df34cf87fed4" },
    { "refId": "FM1142", "id": "61ab96fe68f7df34cf87feda" },
    { "refId": "FM1143", "id": "61ab96fe68f7df34cf87fee0" },
    { "refId": "FM1144", "id": "61ab96ff68f7df34cf87fee6" },
    { "refId": "FM1145", "id": "61ab970068f7df34cf87feec" },
    { "refId": "FM1146", "id": "61ab970168f7df34cf87fef2" },
    { "refId": "FM1147", "id": "61ab970168f7df34cf87fef8" },
    { "refId": "FM1148", "id": "61ab970268f7df34cf87fefe" },
    { "refId": "FM1149", "id": "61ab970368f7df34cf87ff04" },
    { "refId": "FM1150", "id": "61ab970468f7df34cf87ff0a" },
    { "refId": "FM1151", "id": "61ab970468f7df34cf87ff10" },
    { "refId": "FM1152", "id": "61ab970568f7df34cf87ff16" },
    { "refId": "FM1153", "id": "61ab970668f7df34cf87ff1c" },
    { "refId": "FM1154", "id": "61ab970768f7df34cf87ff22" },
    { "refId": "FM1155", "id": "61ab970768f7df34cf87ff28" },
    { "refId": "FM1156", "id": "61ab970968f7df34cf87ff2e" },
    { "refId": "FM1157", "id": "61ab970a68f7df34cf87ff34" },
    { "refId": "FM1158", "id": "61ab970a68f7df34cf87ff3a" },
    { "refId": "FM1159", "id": "61ab970b68f7df34cf87ff40" },
    { "refId": "FM1160", "id": "61ab970c68f7df34cf87ff46" },
    { "refId": "FM1161", "id": "61ab970d68f7df34cf87ff4c" },
    { "refId": "FM1162", "id": "61ab970d68f7df34cf87ff52" },
    { "refId": "FM1163", "id": "61ab970e68f7df34cf87ff58" },
    { "refId": "FM1164", "id": "61ab970f68f7df34cf87ff5e" },
    { "refId": "FM1165", "id": "61ab970f68f7df34cf87ff64" },
    { "refId": "FM1166", "id": "61ab971068f7df34cf87ff6a" },
    { "refId": "FM1167", "id": "61ab971168f7df34cf87ff70" },
    { "refId": "FM1168", "id": "61ab971168f7df34cf87ff76" },
    { "refId": "FM1169", "id": "61ab971268f7df34cf87ff7c" },
    { "refId": "FM1170", "id": "61ab971368f7df34cf87ff82" },
    { "refId": "FM1171", "id": "61ab971468f7df34cf87ff88" },
    { "refId": "FM1172", "id": "61ab971468f7df34cf87ff8e" },
    { "refId": "FM1173", "id": "61ab971568f7df34cf87ff94" },
    { "refId": "FM1174", "id": "61ab971668f7df34cf87ff9a" },
    { "refId": "FM1175", "id": "61ab971768f7df34cf87ffa0" },
    { "refId": "FM1176", "id": "61ab971868f7df34cf87ffa6" },
    { "refId": "FM1177", "id": "61ab971868f7df34cf87ffac" },
    { "refId": "FM1178", "id": "61ab971968f7df34cf87ffb2" },
    { "refId": "FM1179", "id": "61ab971a68f7df34cf87ffb8" },
    { "refId": "FM1180", "id": "61ab971b68f7df34cf87ffbe" },
    { "refId": "FM1181", "id": "61ab971c68f7df34cf87ffc4" },
    { "refId": "FM1182", "id": "61ab971d68f7df34cf87ffca" },
    { "refId": "FM1183", "id": "61ab971e68f7df34cf87ffd0" },
    { "refId": "FM1184", "id": "61ab971f68f7df34cf87ffd6" },
    { "refId": "FM1185", "id": "61ab971f68f7df34cf87ffdc" },
    { "refId": "FM1186", "id": "61ab972068f7df34cf87ffe2" },
    { "refId": "FM1187", "id": "61ab972168f7df34cf87ffe8" },
    { "refId": "FM1188", "id": "61ab972268f7df34cf87ffee" },
    { "refId": "FM1189", "id": "61ab972268f7df34cf87fff4" },
    { "refId": "FM1190", "id": "61ab972368f7df34cf87fffa" },
    { "refId": "FM1191", "id": "61ab972468f7df34cf880000" },
    { "refId": "FM1192", "id": "61ab972568f7df34cf880006" },
    { "refId": "FM1193", "id": "61ab972668f7df34cf88000c" },
    { "refId": "FM1194", "id": "61ab972668f7df34cf880012" },
    { "refId": "FM1195", "id": "61ab972768f7df34cf880018" },
    { "refId": "FM1196", "id": "61ab972868f7df34cf88001e" },
    { "refId": "FM1197", "id": "61ab972968f7df34cf880024" },
    { "refId": "FM1198", "id": "61ab972a68f7df34cf88002a" },
    { "refId": "FM1199", "id": "61ab972b68f7df34cf880030" },
    { "refId": "FM1200", "id": "61ab972b68f7df34cf880036" },
    { "refId": "FM1201", "id": "61ab972c68f7df34cf88003c" },
    { "refId": "FM1202", "id": "61ab972d68f7df34cf880042" },
    { "refId": "FM1203", "id": "61ab972d68f7df34cf880048" },
    { "refId": "FM1204", "id": "61ab972e68f7df34cf88004e" },
    { "refId": "FM1205", "id": "61ab972f68f7df34cf880054" },
    { "refId": "FM1206", "id": "61ab973068f7df34cf88005a" },
    { "refId": "FM1207", "id": "61ab973068f7df34cf880060" },
    { "refId": "FM1208", "id": "61ab973168f7df34cf880066" },
    { "refId": "FM1209", "id": "61ab973268f7df34cf88006c" },
    { "refId": "FM1210", "id": "61ab973268f7df34cf880072" },
    { "refId": "FM1211", "id": "61ab973368f7df34cf880078" },
    { "refId": "FM1213", "id": "61ab973468f7df34cf88007e" },
    { "refId": "FM1215", "id": "61ab973568f7df34cf880084" },
    { "refId": "FM1216", "id": "61ab973568f7df34cf88008a" },
    { "refId": "FM1217", "id": "61ab973668f7df34cf880090" },
    { "refId": "FM1218", "id": "61ab973768f7df34cf880096" },
    { "refId": "FM1219", "id": "61ab973768f7df34cf88009c" },
    { "refId": "FM1220", "id": "61ab973868f7df34cf8800a2" },
    { "refId": "FM1221", "id": "61ab973968f7df34cf8800a8" },
    { "refId": "FM9831083", "id": "61ab973a68f7df34cf8800ae" },
    { "refId": "FM9812398", "id": "61ab973a68f7df34cf8800b4" },
    { "refId": "FM9608765", "id": "61ab973b68f7df34cf8800ba" },
    { "refId": "FM9478740", "id": "61ab973c68f7df34cf8800c0" },
    { "refId": "FM9476278", "id": "61ab973d68f7df34cf8800c6" },
    { "refId": "FM4541981", "id": "61addd8d706e8543bc329553" },
    { "refId": "FM8756802", "id": "61adeb4c706e8543bc32955a" },
    { "refId": "FM1312210", "id": "61adec72706e8543bc329560" },
    { "refId": "FM1550024", "id": "61adf5bd706e8543bc329566" },
    { "refId": "FM4835180", "id": "61ae3a07706e8543bc32956d" },
    { "refId": "FM1762030", "id": "61aee09131fc4d7d79ea4413" },
    { "refId": "FM9393325", "id": "61aee1f431fc4d7d79ea4419" },
    { "refId": "FM6951791", "id": "61af3f13f4ccef486fd81062" },
    { "refId": "FM9731387", "id": "61af4025f4ccef486fd81068" },
    { "refId": "FM7153940", "id": "61af40abf4ccef486fd8106e" },
    { "refId": "FM8812100", "id": "61b06f2811de1b30cf0a034d" },
    { "refId": "FM6989080", "id": "61b06fc411de1b30cf0a0353" },
    { "refId": "FM5420719", "id": "61b071b411de1b30cf0a0359" },
    { "refId": "FM6682706", "id": "61b0736b11de1b30cf0a035f" },
    { "refId": "FM5022699", "id": "61b0806f11de1b30cf0a0365" },
    { "refId": "FM4207922", "id": "61b0815511de1b30cf0a036b" },
    { "refId": "FM6631405", "id": "61b0948211de1b30cf0a0371" },
    { "refId": "FM8604891", "id": "61b0b36911de1b30cf0a037b" },
    { "refId": "FM8610918", "id": "61b0b46711de1b30cf0a0381" },
    { "refId": "FM6391636", "id": "61b0b5de11de1b30cf0a0387" },
    { "refId": "FM7480359", "id": "61b0b73911de1b30cf0a038d" },
    { "refId": "FM4968659", "id": "61b0b7d511de1b30cf0a0393" },
    { "refId": "FM2365557", "id": "61b0b85a11de1b30cf0a0399" },
    { "refId": "FM2347609", "id": "61b0bb2b11de1b30cf0a039f" },
    { "refId": "FM2937979", "id": "61b0bca911de1b30cf0a03a5" },
    { "refId": "FM6135004", "id": "61b0c62511de1b30cf0a03ab" },
    { "refId": "FM9210310", "id": "61b0c8e111de1b30cf0a03b6" },
    { "refId": "FM5926050", "id": "61b0ca8311de1b30cf0a03bc" },
    { "refId": "FM5698754", "id": "61b0cb2511de1b30cf0a03c2" },
    { "refId": "FM3654143", "id": "61b0cb4211de1b30cf0a03c8" },
    { "refId": "FM3547120", "id": "61b0ccc611de1b30cf0a03d6" },
    { "refId": "FM8221234", "id": "61b0cdeb11de1b30cf0a03e7" },
    { "refId": "FM1126242", "id": "61b0ce8711de1b30cf0a03ed" },
    { "refId": "FM6124795", "id": "61b0cf2011de1b30cf0a03f3" },
    { "refId": "FM6169291", "id": "61b14cc9aca6f060d24c5b6b" },
    { "refId": "FM4643803", "id": "61b14f8daca6f060d24c5b71" },
    { "refId": "FM8552190", "id": "61b15032aca6f060d24c5b77" },
    { "refId": "FM1163915", "id": "61b1526daca6f060d24c5b7d" },
    { "refId": "FM6703651", "id": "61b15465aca6f060d24c5b83" },
    { "refId": "FM5108263", "id": "61b1582caca6f060d24c5b89" },
    { "refId": "FM9592633", "id": "61b1590caca6f060d24c5b8f" },
    { "refId": "FM9445953", "id": "61b1a482aca6f060d24c5b99" },
    { "refId": "FM2204089", "id": "61b1a725aca6f060d24c5b9f" },
    { "refId": "FM9234508", "id": "61b1a901aca6f060d24c5ba5" },
    { "refId": "FM4579631", "id": "61b1a986aca6f060d24c5bab" },
    { "refId": "FM5967364", "id": "61b1aafaaca6f060d24c5bb1" },
    { "refId": "FM2799228", "id": "61b1abc4aca6f060d24c5bb7" },
    { "refId": "FM7390628", "id": "61b1ac1faca6f060d24c5bbd" },
    { "refId": "FM4405289", "id": "61b1ae89aca6f060d24c5bc3" },
    { "refId": "FM1631610", "id": "61b1aefdaca6f060d24c5bc9" },
    { "refId": "FM1577773", "id": "61b1b234aca6f060d24c5bcf" },
    { "refId": "FM3761138", "id": "61b1b29faca6f060d24c5bd5" },
    { "refId": "FM6454053", "id": "61b1cd6baca6f060d24c5bdb" },
    { "refId": "FM5299147", "id": "61b2de4960ef01773bc0422f" },
    { "refId": "FM9570750", "id": "61b2ef3060ef01773bc04235" },
    { "refId": "FM5116866", "id": "61b2f14060ef01773bc0423c" },
    { "refId": "FM7084898", "id": "61b2f59360ef01773bc04246" },
    { "refId": "FM1444412", "id": "61b2f7d460ef01773bc0424d" },
    { "refId": "FM9774848", "id": "61b300d760ef01773bc04254" },
    { "refId": "FM7654022", "id": "61b3100a60ef01773bc0425b" },
    { "refId": "FM2593034", "id": "61b31b8060ef01773bc04261" },
    { "refId": "FM8402856", "id": "61b31bab60ef01773bc04267" },
    { "refId": "FM2566787", "id": "61b44af548e94c3d725b780b" },
    { "refId": "FM2527037", "id": "61b44bd148e94c3d725b7811" },
    { "refId": "FM3165523", "id": "61b44cb448e94c3d725b7817" },
    { "refId": "FM9522155", "id": "61b44f7f48e94c3d725b781d" },
    { "refId": "FM2067282", "id": "61b46a5d4a78a02ac1eb6bb0" },
    { "refId": "FM8507259", "id": "61b46ee94a78a02ac1eb6bb6" },
    { "refId": "FM3529312", "id": "61b46ffa4a78a02ac1eb6bbc" },
    { "refId": "FM7650581", "id": "61b473ea4a78a02ac1eb6bc2" },
    { "refId": "FM8776680", "id": "61b482354a78a02ac1eb6bc8" },
    { "refId": "FM3497241", "id": "61b482ad4a78a02ac1eb6bce" },
    { "refId": "FM9128990", "id": "61b4aaafc243c93d1d101d9f" },
    { "refId": "FM8799842", "id": "61b4b260c243c93d1d101da5" },
    { "refId": "FM4221141", "id": "61b4ba62c243c93d1d101dad" },
    { "refId": "FM5148877", "id": "61b4c92bc243c93d1d101db3" },
    { "refId": "FM2697900", "id": "61b4ca84c243c93d1d101dba" },
    { "refId": "FM8932678", "id": "61b4d2c7c243c93d1d101dc0" },
    { "refId": "FM3174416", "id": "61b59347c92a4c5017083fca" },
    { "refId": "FM5719196", "id": "61b593afc92a4c5017083fd0" },
    { "refId": "FM6681401", "id": "61b59b4cd1026220740b85f8" },
    { "refId": "FM3761770", "id": "61b5aa74d1026220740b85fe" },
    { "refId": "FM5163546", "id": "61b5aaacd1026220740b8604" },
    { "refId": "FM1147121", "id": "61b5b88cd1026220740b860a" },
    { "refId": "FM8187336", "id": "61b5c0e7d1026220740b8610" },
    { "refId": "FM8955275", "id": "61b5c0efd1026220740b8616" },
    { "refId": "FM8270005", "id": "61b5c471d1026220740b861c" },
    { "refId": "FM9631503", "id": "61b5f1ff7ee514363576dfaf" },
    { "refId": "FM4054079", "id": "61b6c52d887f7c61ab6c289c" },
    { "refId": "FM9805849", "id": "61b6c6c6887f7c61ab6c28a2" },
    { "refId": "FM5642728", "id": "61b6c972887f7c61ab6c28a8" },
    { "refId": "FM9282435", "id": "61b6c973887f7c61ab6c28ae" },
    { "refId": "FM9038288", "id": "61b6cc53887f7c61ab6c28b4" },
    { "refId": "FM7222715", "id": "61b6d0b9887f7c61ab6c28ba" },
    { "refId": "FM3145631", "id": "61b6d1f6887f7c61ab6c28c0" },
    { "refId": "FM4414371", "id": "61b727136eae393ef54f8723" },
    { "refId": "FM6194906", "id": "61b727916eae393ef54f8729" },
    { "refId": "FM5295630", "id": "61b7284f6eae393ef54f872f" },
    { "refId": "FM6362304", "id": "61b7290e6eae393ef54f8735" },
    { "refId": "FM6060650", "id": "61b729dc6eae393ef54f873b" },
    { "refId": "FM5843944", "id": "61b72c386eae393ef54f8741" },
    { "refId": "FM8781439", "id": "61b72db76eae393ef54f8747" },
    { "refId": "FM4808031", "id": "61b731296eae393ef54f874d" },
    { "refId": "FM5846165", "id": "61b731f36eae393ef54f8753" },
    { "refId": "FM3156128", "id": "61b7613b56c97a74b29485f7" },
    { "refId": "FM7299039", "id": "61b764eed4b96a4804a93b35" },
    { "refId": "FM9655386", "id": "61b76502d4b96a4804a93b3b" },
    { "refId": "FM8802183", "id": "61b76c5dbccb112b72e578d6" },
    { "refId": "FM8695994", "id": "61b76c8ebccb112b72e578dc" },
    { "refId": "FM7351607", "id": "61b77bb3060294258458c676" },
    { "refId": "FM4890203", "id": "61b77bd2060294258458c67c" },
    { "refId": "FM3780306", "id": "61b77c17060294258458c682" },
    { "refId": "FM6688208", "id": "61b77c28060294258458c688" },
    { "refId": "FM7885961", "id": "61b84a0e060294258458c6b2" },
    { "refId": "FM8677409", "id": "61b86002060294258458c6b8" },
    { "refId": "FM4813807", "id": "61babe3dfaeec91ca5c700dc" },
    { "refId": "FM6505979", "id": "61babf9efaeec91ca5c700e2" },
    { "refId": "FM8129834", "id": "61badff1faeec91ca5c700e8" },
    { "refId": "FM4817093", "id": "61bae1c5faeec91ca5c700ee" },
    { "refId": "FM9273363", "id": "61bae8a9faeec91ca5c700f4" },
    { "refId": "FM4684697", "id": "61baea2ffaeec91ca5c700fa" },
    { "refId": "FM8816488", "id": "61baed5dfaeec91ca5c70100" },
    { "refId": "FM8696222", "id": "61baf20ffaeec91ca5c70107" },
    { "refId": "FM9352102", "id": "61baf420faeec91ca5c7010d" },
    { "refId": "FM6767114", "id": "61baf95afaeec91ca5c70113" },
    { "refId": "FM7740182", "id": "61bb73d4faeec91ca5c7011c" },
    { "refId": "FM3877559", "id": "61bb7652faeec91ca5c70122" },
    { "refId": "FM1428281", "id": "61bb7823faeec91ca5c70128" },
    { "refId": "FM6792926", "id": "61bbf33095ae415032df91c1" },
    { "refId": "FM7249306", "id": "61bc38a295ae415032df91cf" },
    { "refId": "FM9547559", "id": "61bc3fc895ae415032df91d6" },
    { "refId": "FM1571526", "id": "61bc50af95ae415032df91dc" },
    { "refId": "FM5511311", "id": "61bc546f95ae415032df91e2" },
    { "refId": "FM1964002", "id": "61bc5fde95ae415032df91e8" },
    { "refId": "FM3359129", "id": "61bcdd1295ae415032df91ee" },
    { "refId": "FM4658567", "id": "61bcdda495ae415032df91f4" },
    { "refId": "FM4739047", "id": "61bce03f95ae415032df91fa" },
    { "refId": "FM3678646", "id": "61bd5ea395ae415032df9200" },
    { "refId": "FM3095163", "id": "61bdb06e95ae415032df9207" },
    { "refId": "FM3732983", "id": "61bdeb4c95ae415032df9211" },
    { "refId": "FM4035496", "id": "61be1d3095ae415032df9219" },
    { "refId": "FM4092313", "id": "61bebe4695ae415032df9220" },
    { "refId": "FM6539700", "id": "61bec22295ae415032df9226" },
    { "refId": "FM6394127", "id": "61bec31d95ae415032df922c" },
    { "refId": "FM8893615", "id": "61bec3da95ae415032df9232" },
    { "refId": "FM1829366", "id": "61bec6cd95ae415032df9238" },
    { "refId": "FM8107440", "id": "61bec78495ae415032df923e" },
    { "refId": "FM7062439", "id": "61bed73795ae415032df9244" },
    { "refId": "FM2277447", "id": "61bedcb095ae415032df924a" },
    { "refId": "FM1300205", "id": "61beebf395ae415032df9250" },
    { "refId": "FM4109794", "id": "61bef3a895ae415032df9256" },
    { "refId": "FM2489782", "id": "61befca695ae415032df925c" },
    { "refId": "FM3972640", "id": "61bf037095ae415032df9262" },
    { "refId": "FM6467081", "id": "61bf0e0195ae415032df9268" },
    { "refId": "FM2379119", "id": "61bf133995ae415032df926e" },
    { "refId": "FM1219962", "id": "61bf147595ae415032df9274" },
    { "refId": "FM6951412", "id": "61bf17c995ae415032df927a" },
    { "refId": "FM8160795", "id": "61bf237c95ae415032df9280" },
    { "refId": "FM4341414", "id": "61bf306a95ae415032df9286" },
    { "refId": "FM8978618", "id": "61bf3faf95ae415032df928c" },
    { "refId": "FM8842216", "id": "61bf519f95ae415032df9292" },
    { "refId": "FM1371896", "id": "61bf534895ae415032df9298" },
    { "refId": "FM9849975", "id": "61bf573395ae415032df929e" },
    { "refId": "FM9749420", "id": "61bf5bf795ae415032df92a4" },
    { "refId": "FM3261059", "id": "61bf5d3195ae415032df92aa" },
    { "refId": "FM8939993", "id": "61bf5dd295ae415032df92b0" },
    { "refId": "FM8425842", "id": "61bffe2e95ae415032df92b6" },
    { "refId": "FM8960174", "id": "61c01eeb95ae415032df92bc" },
    { "refId": "FM2428089", "id": "61c0329e95ae415032df92c3" },
    { "refId": "FM1398131", "id": "61c034a995ae415032df92c9" },
    { "refId": "FM2773088", "id": "61c034ed95ae415032df92cf" },
    { "refId": "FM2980241", "id": "61c0353995ae415032df92d5" },
    { "refId": "FM4715279", "id": "61c03e8a95ae415032df92dd" },
    { "refId": "FM4951373", "id": "61c03ecb95ae415032df92e3" },
    { "refId": "FM2971354", "id": "61c04066ff35f8630d2e0736" },
    { "refId": "FM9233227", "id": "61c0409dff35f8630d2e073d" },
    { "refId": "FM6359203", "id": "61c0425fff35f8630d2e0743" },
    { "refId": "FM7629834", "id": "61c05c2aff35f8630d2e0751" },
    { "refId": "FM6501967", "id": "61c080f2ff35f8630d2e0765" },
    { "refId": "FM3474604", "id": "61c08169ff35f8630d2e076b" },
    { "refId": "FM9842994", "id": "61c0c638ff35f8630d2e0771" },
    { "refId": "FM2505595", "id": "61c0c682ff35f8630d2e0777" },
    { "refId": "FM2242761", "id": "61c0c741ff35f8630d2e077d" },
    { "refId": "FM2610127", "id": "61c137a0ff35f8630d2e0783" },
    { "refId": "FM3937839", "id": "61c14dc5ff35f8630d2e0789" },
    { "refId": "FM1526051", "id": "61c14dc7ff35f8630d2e078f" },
    { "refId": "FM9854066", "id": "61c163f0ff35f8630d2e0795" },
    { "refId": "FM9268548", "id": "61c1b4ebff35f8630d2e079d" }
  ]
}
